Date,Close_HOSE,Close_HNX
2005-07-14,248.67,100.0
2005-07-18,248.79,99.48
2005-07-20,248.0,95.57
2005-07-22,245.77,97.46
2005-07-25,246.31,96.51
2005-07-27,244.24,98.0
2005-07-29,245.53,99.2
2005-08-01,245.48,108.17
2005-08-03,247.96,101.24
2005-08-05,250.93,102.63
2005-08-08,248.87,102.35
2005-08-10,249.04,99.51
2005-08-12,249.23,99.56
2005-08-15,248.24,98.88
2005-08-17,247.33,102.54
2005-08-19,247.84,101.67
2005-08-22,247.91,98.39
2005-08-24,248.41,101.83
2005-08-26,249.74,100.61
2005-08-29,253.7,99.91
2005-08-31,254.5,98.6
2005-09-05,255.55,97.97
2005-09-07,259.57,99.24
2005-09-09,259.96,100.5
2005-09-12,262.18,109.04
2005-09-14,264.03,100.34
2005-09-16,268.08,100.3
2005-09-19,274.81,101.63
2005-09-21,276.61,101.44
2005-09-23,278.35,100.02
2005-09-26,277.54,99.86
2005-09-28,275.63,98.44
2005-09-30,289.33,99.06
2005-10-03,286.0,90.39
2005-10-05,286.34,98.22
2005-10-07,291.3,99.5
2005-10-10,292.11,98.33
2005-10-12,292.35,96.92
2005-10-14,304.1,97.95
2005-10-17,310.2,99.26
2005-10-19,306.46,98.89
2005-10-21,306.72,98.73
2005-10-24,306.9,98.73
2005-10-26,300.53,97.05
2005-10-28,305.38,98.24
2005-10-31,307.4,98.88
2005-11-02,315.56,99.01
2005-11-04,321.15,98.43
2005-11-07,322.59,98.46
2005-11-09,320.56,97.66
2005-11-11,317.73,97.66
2005-11-14,317.83,97.72
2005-11-16,315.9,97.73
2005-11-18,312.5,96.45
2005-11-21,311.8,96.42
2005-11-23,305.5,96.42
2005-11-25,309.47,96.34
2005-11-28,308.18,96.32
2005-11-30,311.33,93.14
2005-12-02,312.43,92.98
2005-12-05,312.86,92.35
2005-12-07,312.31,92.35
2005-12-09,315.79,91.4
2005-12-12,316.88,91.24
2005-12-14,314.94,90.34
2005-12-16,314.49,90.25
2005-12-19,311.6,90.08
2005-12-23,309.14,95.46
2005-12-26,309.26,91.5
2005-12-28,307.32,91.5
2005-12-30,307.5,96.24
2006-01-04,305.09,91.3
2006-01-06,307.5,90.9
2006-01-09,306.31,90.8
2006-01-11,304.96,90.8
2006-01-13,306.83,90.5
2006-01-18,310.38,93.7
2006-01-20,313.38,93.6
2006-01-23,308.31,93.6
2006-01-25,310.86,94.1
2006-02-06,313.14,95.7
2006-02-08,325.0,96.3
2006-02-10,325.17,97.5
2006-02-13,324.46,97.4
2006-02-15,327.67,98.3
2006-02-17,339.83,97.1
2006-02-20,353.96,97.2
2006-02-22,364.44,94.6
2006-02-24,373.5,94.4
2006-02-27,379.57,98.8
2006-03-01,401.9,105.2
2006-03-03,397.95,112.1
2006-03-06,409.76,122.6
2006-03-08,409.28,131.1
2006-03-10,414.36,133.2
2006-03-13,424.46,135.4
2006-03-15,427.59,140.0
2006-03-17,443.19,144.0
2006-03-20,453.48,145.8
2006-03-22,459.36,150.6
2006-03-24,456.06,155.9
2006-03-27,463.0,163.6
2006-03-29,474.79,169.8
2006-03-31,503.56,178.9
2006-04-03,523.32,188.0
2006-04-05,521.12,184.8
2006-04-07,544.71,179.7
2006-04-10,540.36,170.6
2006-04-14,555.15,171.9
2006-04-17,561.09,182.9
2006-04-19,571.16,193.8
2006-04-21,591.39,201.6
2006-04-24,615.14,207.5
2006-04-26,621.53,224.2
2006-04-28,595.48,222.8
2006-05-03,612.11,227.4
2006-05-05,593.89,233.9
2006-05-08,574.25,237.1
2006-05-10,520.82,218.4
2006-05-12,566.76,240.7
2006-05-15,590.25,250.5
2006-05-17,575.54,247.6
2006-05-19,562.33,238.1
2006-05-22,553.37,231.5
2006-05-24,559.55,224.8
2006-05-26,545.39,217.2
2006-05-29,537.3,201.4
2006-05-31,538.91,192.9
2006-06-01,535.18,205.1
2006-06-02,540.23,216.0
2006-06-05,551.26,219.2
2006-06-06,551.79,213.6
2006-06-07,544.55,208.5
2006-06-08,548.19,211.5
2006-06-09,548.79,207.9
2006-06-12,545.98,201.9
2006-06-13,543.9,200.2
2006-06-14,540.96,201.2
2006-06-15,537.48,201.8
2006-06-16,523.7,197.6
2006-06-19,519.47,195.8
2006-06-20,505.94,190.0
2006-06-21,487.86,177.7
2006-06-22,510.15,195.7
2006-06-23,510.62,189.8
2006-06-26,502.94,186.6
2006-06-27,501.56,185.4
2006-06-28,506.46,186.2
2006-06-29,512.29,186.7
2006-06-30,515.59,190.7
2006-07-03,507.31,188.0
2006-07-04,500.49,185.1
2006-07-05,499.8,183.7
2006-07-06,505.26,185.4
2006-07-07,508.31,185.9
2006-07-10,504.98,184.6
2006-07-11,504.0,183.7
2006-07-12,502.08,183.4
2006-07-13,509.15,182.9
2006-07-14,506.1,185.4
2006-07-17,494.31,184.8
2006-07-18,484.13,183.2
2006-07-19,466.19,179.3
2006-07-20,485.57,178.6
2006-07-21,472.86,179.5
2006-07-24,460.68,175.8
2006-07-25,439.66,165.3
2006-07-26,434.24,165.1
2006-07-27,441.27,173.2
2006-07-28,439.57,174.1
2006-07-31,422.41,170.1
2006-08-01,404.87,170.6
2006-08-02,399.8,168.7
2006-08-03,417.73,173.7
2006-08-04,435.5,178.7
2006-08-07,423.49,177.6
2006-08-08,433.4,177.7
2006-08-09,430.25,178.6
2006-08-10,432.4,178.2
2006-08-11,443.45,179.4
2006-08-14,464.55,188.7
2006-08-15,460.34,184.4
2006-08-16,476.24,189.2
2006-08-17,483.32,197.8
2006-08-18,482.31,198.9
2006-08-21,482.19,196.9
2006-08-22,470.12,190.5
2006-08-23,478.39,191.0
2006-08-24,479.03,190.8
2006-08-25,477.43,193.1
2006-08-28,483.06,192.6
2006-08-29,488.63,193.8
2006-08-30,492.77,193.1
2006-08-31,491.18,193.1
2006-09-01,498.21,194.2
2006-09-05,515.66,198.8
2006-09-06,517.61,197.8
2006-09-07,511.21,196.7
2006-09-08,513.04,198.8
2006-09-11,511.55,198.7
2006-09-12,500.82,196.5
2006-09-13,510.66,197.5
2006-09-14,505.17,197.2
2006-09-15,509.32,195.3
2006-09-18,510.08,196.2
2006-09-19,515.08,195.8
2006-09-20,514.48,195.8
2006-09-21,513.37,195.0
2006-09-22,513.75,194.0
2006-09-25,515.09,194.0
2006-09-26,520.05,194.4
2006-09-27,520.42,194.8
2006-09-28,527.74,194.4
2006-09-29,526.73,194.5
2006-10-02,531.68,194.4
2006-10-03,537.87,194.7
2006-10-04,541.91,194.2
2006-10-05,534.73,194.8
2006-10-06,536.48,195.0
2006-10-09,535.13,195.0
2006-10-10,527.18,193.9
2006-10-11,524.67,194.4
2006-10-12,525.22,194.0
2006-10-13,525.93,193.8
2006-10-16,526.34,192.5
2006-10-17,518.71,192.0
2006-10-18,518.58,191.8
2006-10-19,524.59,192.1
2006-10-20,528.42,192.1
2006-10-23,525.92,191.9
2006-10-24,525.75,191.3
2006-10-25,524.25,191.4
2006-10-26,524.99,191.3
2006-10-27,521.04,192.1
2006-10-30,512.4,192.4
2006-10-31,511.54,191.6
2006-11-01,521.38,191.8
2006-11-02,516.95,192.4
2006-11-03,513.74,192.2
2006-11-06,517.11,193.5
2006-11-07,520.03,195.6
2006-11-08,525.99,200.2
2006-11-09,531.69,201.4
2006-11-10,530.81,198.6
2006-11-13,537.28,196.3
2006-11-14,555.77,195.8
2006-11-15,563.09,194.7
2006-11-16,559.83,192.9
2006-11-17,573.79,195.8
2006-11-20,584.26,197.2
2006-11-21,598.22,202.9
2006-11-22,610.16,209.9
2006-11-23,636.95,224.0
2006-11-24,665.53,237.4
2006-11-27,640.15,226.8
2006-11-28,638.0,226.1
2006-11-29,616.58,221.8
2006-11-30,633.05,223.8
2006-12-01,631.29,221.9
2006-12-04,640.65,219.6
2006-12-05,644.6,215.0
2006-12-06,655.13,214.8
2006-12-07,677.14,220.5
2006-12-08,696.12,224.8
2006-12-11,723.84,229.7
2006-12-12,716.64,228.3
2006-12-13,740.57,232.3
2006-12-14,757.17,240.2
2006-12-15,775.56,245.4
2006-12-18,779.57,252.6
2006-12-19,799.31,257.4
2006-12-20,809.86,258.8
2006-12-21,778.88,251.1
2006-12-22,744.2,236.7
2006-12-25,734.66,232.5
2006-12-26,747.82,237.0
2006-12-27,754.63,241.5
2006-12-28,753.81,243.4
2006-12-29,751.77,242.8
2007-01-02,741.27,241.9
2007-01-03,757.71,246.3
2007-01-04,788.82,258.1
2007-01-05,816.51,265.6
2007-01-08,825.11,266.6
2007-01-09,844.91,279.1
2007-01-10,865.71,291.2
2007-01-11,885.43,301.0
2007-01-12,914.79,309.3
2007-01-15,947.15,323.2
2007-01-16,983.6,322.8
2007-01-17,964.96,311.2
2007-01-18,946.84,315.9
2007-01-19,1023.05,321.6
2007-01-22,1027.7,318.9
2007-01-23,1040.7,324.8
2007-01-24,1016.39,326.2
2007-01-25,988.86,316.6
2007-01-26,974.76,317.6
2007-01-29,995.55,324.2
2007-01-30,1023.97,337.3
2007-01-31,1041.33,348.5
2007-02-01,1049.3199,347.4
2007-02-02,1074.55,346.7
2007-02-05,1058.71,344.3
2007-02-08,1052.86,340.2
2007-02-12,1054.26,346.9
2007-02-13,1074.46,354.6
2007-03-01,1123.0699,424.7
2007-03-02,1147.66,418.9
2007-03-05,1158.9,435.6
2007-03-06,1133.3101,440.5
2007-03-07,1132.23,445.8
2007-03-08,1141.59,450.8
2007-03-09,1155.6801,454.8
2007-03-12,1170.67,454.8
2007-03-13,1158.27,446.9
2007-03-14,1114.21,431.8
2007-03-15,1065.52,421.3
2007-03-16,1109.76,448.4
2007-03-19,1133.34,459.4
2007-03-20,1117.25,446.1
2007-03-21,1111.63,443.0
2007-03-22,1099.8199,437.3
2007-03-23,1090.5601,430.1
2007-03-26,1072.16,397.2
2007-03-27,1034.24,371.9
2007-03-28,1031.79,405.2
2007-03-29,1068.71,407.5
2007-03-30,1071.33,404.1
2007-04-02,1055.1,391.8
2007-04-03,1027.53,385.2
2007-04-04,1050.9,400.5
2007-04-05,1048.98,393.0
2007-04-06,1033.92,398.7
2007-04-09,1041.36,400.9
2007-04-10,1039.67,405.2
2007-04-11,1034.6801,404.8
2007-04-12,1027.58,394.1
2007-04-13,1012.98,392.1
2007-04-16,983.0,366.2
2007-04-17,965.72,365.6
2007-04-18,1001.12,385.6
2007-04-19,998.09,374.4
2007-04-20,968.88,365.6
2007-04-23,931.18,321.4
2007-04-24,905.53,319.5
2007-04-25,923.89,332.8
2007-05-02,935.48,329.2
2007-05-03,937.46,323.5
2007-05-04,947.19,319.4
2007-05-07,983.62,327.1
2007-05-08,1015.43,331.2
2007-05-09,1019.96,334.2
2007-05-10,1020.04,331.1
2007-05-11,1039.63,335.5
2007-05-14,1066.04,338.1
2007-05-15,1054.6899,337.2
2007-05-16,1040.99,334.6
2007-05-17,1059.79,337.1
2007-05-18,1066.5601,337.9
2007-05-21,1085.41,340.4
2007-05-22,1107.52,347.3
2007-05-23,1113.1899,348.3
2007-05-24,1085.3,343.9
2007-05-25,1089.6,346.7
2007-05-28,1098.64,343.1
2007-05-29,1093.77,340.9
2007-05-30,1077.88,335.8
2007-05-31,1081.48,337.3
2007-06-01,1077.36,336.3
2007-06-04,1062.1,330.3
2007-06-05,1039.66,327.5
2007-06-06,1045.29,328.8
2007-06-07,1060.02,328.8
2007-06-08,1057.36,327.6
2007-06-11,1040.75,322.3
2007-06-12,1036.54,318.0
2007-06-13,1038.8,313.0
2007-06-14,1042.79,315.9
2007-06-15,1048.1899,313.5
2007-06-18,1043.99,315.2
2007-06-19,1049.58,313.1
2007-06-20,1045.28,309.9
2007-06-21,1034.4301,302.9
2007-06-22,1033.6899,299.8
2007-06-25,1044.39,295.9
2007-06-26,1055.7,295.4
2007-06-27,1032.96,293.1
2007-06-28,1024.04,289.6
2007-06-29,1024.6801,284.7
2007-07-02,994.17,256.3
2007-07-03,977.3,252.6
2007-07-04,1013.56,267.9
2007-07-05,1012.82,263.5
2007-07-06,1010.53,268.1
2007-07-09,1010.27,270.7
2007-07-10,1023.04,282.0
2007-07-11,1029.85,282.5
2007-07-12,1017.68,273.7
2007-07-13,1015.73,277.4
2007-07-16,995.83,270.6
2007-07-17,1000.33,272.2
2007-07-18,994.73,269.8
2007-07-19,984.43,268.1
2007-07-20,981.31,267.4
2007-07-23,979.23,267.1
2007-07-24,982.43,264.9
2007-07-25,972.56,263.2
2007-07-26,956.13,259.5
2007-07-27,940.36,258.8
2007-07-30,925.44,255.2
2007-07-31,907.95,253.6
2007-08-01,923.14,260.0
2007-08-02,911.18,258.5
2007-08-03,892.88,255.9
2007-08-06,883.9,254.5
2007-08-07,896.91,256.1
2007-08-08,910.05,254.8
2007-08-09,938.21,259.1
2007-08-10,935.68,257.3
2007-08-13,909.15,254.5
2007-08-14,923.15,254.2
2007-08-15,915.34,254.1
2007-08-16,900.26,252.3
2007-08-17,887.93,249.4
2007-08-20,890.02,248.8
2007-08-21,895.72,248.8
2007-08-22,892.07,246.5
2007-08-23,887.62,247.4
2007-08-24,905.48,250.2
2007-08-27,909.07,250.3
2007-08-28,902.58,250.7
2007-08-29,901.17,250.5
2007-08-30,903.94,251.3
2007-08-31,908.37,252.6
2007-09-04,929.85,256.1
2007-09-05,925.57,253.7
2007-09-06,928.36,254.6
2007-09-07,934.13,256.6
2007-09-10,927.14,256.8
2007-09-11,920.48,257.6
2007-09-12,921.19,259.0
2007-09-13,921.31,259.2
2007-09-14,930.46,259.5
2007-09-17,934.74,261.8
2007-09-18,935.17,268.7
2007-09-19,946.22,276.6
2007-09-20,963.61,273.6
2007-09-21,958.67,272.5
2007-09-24,975.82,281.3
2007-09-25,1009.88,290.3
2007-09-26,1015.91,292.0
2007-09-27,1014.09,295.3
2007-09-28,1046.86,309.7
2007-10-01,1084.39,334.5
2007-10-02,1099.48,343.0
2007-10-03,1106.6,345.5
2007-10-04,1087.76,349.5
2007-10-05,1081.63,345.1
2007-10-08,1084.87,343.7
2007-10-09,1097.36,349.6
2007-10-10,1104.67,355.8
2007-10-11,1099.3101,357.8
2007-10-12,1104.61,362.3
2007-10-15,1105.21,370.9
2007-10-16,1103.88,379.2
2007-10-17,1101.29,372.6
2007-10-18,1088.6801,364.9
2007-10-19,1097.0699,376.8
2007-10-22,1085.74,374.3
2007-10-23,1075.29,369.3
2007-10-24,1096.2,377.3
2007-10-25,1095.53,379.7
2007-10-26,1092.48,381.4
2007-10-29,1064.2,375.0
2007-10-30,1069.78,371.4
2007-10-31,1065.09,379.2
2007-11-01,1075.92,393.6
2007-11-02,1066.63,382.9
2007-11-05,1047.15,371.6
2007-11-06,1031.71,365.9
2007-11-07,1031.2,367.6
2007-11-08,1026.47,362.9
2007-11-09,1018.29,356.6
2007-11-12,1006.12,341.8
2007-11-13,973.59,317.6
2007-11-14,993.75,349.6
2007-11-15,1002.71,343.4
2007-11-16,998.22,342.7
2007-11-19,998.75,345.0
2007-11-20,983.52,340.1
2007-11-21,971.49,335.9
2007-11-22,977.17,338.2
2007-11-23,975.92,339.0
2007-11-26,991.38,343.2
2007-11-27,988.08,340.5
2007-11-28,984.57,339.9
2007-11-29,980.09,342.3
2007-11-30,972.35,341.1
2007-12-03,987.96,345.1
2007-12-04,988.91,349.5
2007-12-05,976.21,346.3
2007-12-06,974.46,344.4
2007-12-07,974.63,344.1
2007-12-10,958.48,335.9
2007-12-11,941.04,329.9
2007-12-12,946.32,328.6
2007-12-13,930.36,326.0
2007-12-14,922.09,324.9
2007-12-17,911.15,318.5
2007-12-18,919.6,318.9
2007-12-19,946.78,331.1
2007-12-20,930.45,327.2
2007-12-21,935.07,334.0
2007-12-24,930.86,331.6
2007-12-25,918.43,325.6
2007-12-26,924.37,323.5
2007-12-27,921.75,318.0
2007-12-28,927.02,323.6
2008-01-02,921.07,322.3
2008-01-03,908.25,314.5
2008-01-04,903.09,310.4
2008-01-07,887.08,297.6
2008-01-08,893.74,298.9
2008-01-09,878.41,294.7
2008-01-10,850.07,290.8
2008-01-11,860.77,289.6
2008-01-14,841.0,275.7
2008-01-15,808.83,265.8
2008-01-16,846.07,285.6
2008-01-17,833.81,282.9
2008-01-18,847.05,288.0
2008-01-21,833.88,284.5
2008-01-22,807.74,279.3
2008-01-23,776.68,271.7
2008-01-24,764.13,270.4
2008-01-25,776.04,271.8
2008-01-28,785.07,271.8
2008-01-29,811.61,278.6
2008-01-30,843.1,296.7
2008-01-31,844.11,294.1
2008-02-01,859.62,298.2
2008-02-12,841.23,290.1
2008-02-13,817.86,283.9
2008-02-14,823.46,285.2
2008-02-15,816.03,282.1
2008-02-18,782.57,269.7
2008-02-19,776.79,268.2
2008-02-20,744.92,257.2
2008-02-21,710.45,237.9
2008-02-22,687.1,239.0
2008-02-25,715.04,246.8
2008-02-26,692.91,229.6
2008-02-27,686.49,232.3
2008-02-28,678.12,232.4
2008-02-29,663.3,228.2
2008-03-03,635.24,214.2
2008-03-04,608.88,199.0
2008-03-05,583.45,191.4
2008-03-06,611.17,206.5
2008-03-07,640.14,225.6
2008-03-10,658.29,233.1
2008-03-11,638.71,219.5
2008-03-12,643.9,225.4
2008-03-13,647.6,227.5
2008-03-14,643.8,224.7
2008-03-17,615.71,210.2
2008-03-18,588.26,195.8
2008-03-19,573.45,197.8
2008-03-20,564.82,196.2
2008-03-21,545.68,191.9
2008-03-24,521.07,178.6
2008-03-25,496.64,166.6
2008-03-26,504.67,175.3
2008-03-27,508.75,175.9
2008-03-28,512.7,178.6
2008-03-31,516.85,181.4
2008-04-01,520.99,184.4
2008-04-02,525.11,187.7
2008-04-03,529.23,190.3
2008-04-04,533.0,193.3
2008-04-07,542.33,198.3
2008-04-08,548.56,197.6
2008-04-09,552.05,193.2
2008-04-10,545.73,189.0
2008-04-11,539.01,185.6
2008-04-16,531.38,180.9
2008-04-17,537.58,184.7
2008-04-18,537.31,179.8
2008-04-21,534.92,177.3
2008-04-22,530.62,174.3
2008-04-23,521.95,170.4
2008-04-24,518.42,168.1
2008-04-25,515.88,168.9
2008-04-28,519.42,171.1
2008-04-29,522.36,169.1
2008-05-05,521.28,167.1
2008-05-06,518.35,163.9
2008-05-07,515.26,160.6
2008-05-08,507.94,157.4
2008-05-09,500.33,154.2
2008-05-12,492.04,151.3
2008-05-13,483.92,147.9
2008-05-14,475.5,144.8
2008-05-15,466.67,142.1
2008-05-16,460.04,139.7
2008-05-19,455.67,137.7
2008-05-20,449.24,135.2
2008-05-21,441.75,132.8
2008-05-22,434.75,130.3
2008-05-23,428.05,127.9
2008-05-26,420.51,125.5
2008-05-30,414.1,119.3
2008-06-02,407.94,117.6
2008-06-03,401.2,115.7
2008-06-04,395.66,113.6
2008-06-05,390.08,111.7
2008-06-06,384.24,109.9
2008-06-09,379.12,108.5
2008-06-10,373.0,107.8
2008-06-11,370.45,108.5
2008-06-12,370.55,109.5
2008-06-13,372.68,111.1
2008-06-16,378.2,113.8
2008-06-17,384.71,116.0
2008-06-18,382.07,113.9
2008-06-19,373.27,112.6
2008-06-20,366.02,110.4
2008-06-23,368.95,110.5
2008-06-24,375.97,109.9
2008-06-25,383.78,112.1
2008-06-26,386.48,111.9
2008-06-27,392.61,112.7
2008-06-30,399.4,112.7
2008-07-01,409.61,115.0
2008-07-02,419.29,118.8
2008-07-03,430.05,122.1
2008-07-04,439.68,125.5
2008-07-07,435.89,124.8
2008-07-08,436.71,125.1
2008-07-09,439.55,125.9
2008-07-10,446.6,129.2
2008-07-11,456.64,133.0
2008-07-14,467.94,137.3
2008-07-15,479.8,142.8
2008-07-16,486.53,147.7
2008-07-17,489.83,151.0
2008-07-18,483.05,149.7
2008-07-21,470.82,148.3
2008-07-22,457.88,145.7
2008-07-23,445.59,143.5
2008-07-24,435.79,141.3
2008-07-25,429.46,140.8
2008-07-28,434.64,144.6
2008-07-29,444.4,143.1
2008-07-30,448.27,145.5
2008-07-31,451.36,143.3
2008-08-01,447.11,140.4
2008-08-04,439.41,136.5
2008-08-05,430.26,133.5
2008-08-06,437.45,134.7
2008-08-07,438.83,133.4
2008-08-08,444.28,135.3
2008-08-11,454.8,137.0
2008-08-12,459.89,139.5
2008-08-13,464.01,142.6
2008-08-14,476.5,146.6
2008-08-15,488.94,151.7
2008-08-18,508.05,157.9
2008-08-19,511.53,159.5
2008-08-20,508.47,156.8
2008-08-21,525.98,163.0
2008-08-22,526.98,164.3
2008-08-25,548.25,173.4
2008-08-26,561.67,184.7
2008-08-27,561.85,190.1
2008-08-28,547.69,185.2
2008-08-29,539.1,192.4
2008-09-03,555.14,194.3
2008-09-04,558.56,194.9
2008-09-05,546.66,189.1
2008-09-08,532.71,182.4
2008-09-09,525.49,176.8
2008-09-10,514.45,175.2
2008-09-11,497.01,169.3
2008-09-12,476.0,160.6
2008-09-15,476.76,162.9
2008-09-16,455.95,155.1
2008-09-17,437.24,144.7
2008-09-18,419.28,136.1
2008-09-19,439.06,145.7
2008-09-22,459.86,150.4
2008-09-23,465.87,152.6
2008-09-24,455.05,151.5
2008-09-25,470.43,157.0
2008-09-26,483.81,160.3
2008-09-29,479.0,158.0
2008-09-30,456.7,148.6
2008-10-01,454.41,149.7
2008-10-02,460.25,153.0
2008-10-03,452.14,152.0
2008-10-06,433.71,143.4
2008-10-07,414.24,135.0
2008-10-08,401.33,127.5
2008-10-09,397.68,129.3
2008-10-10,379.06,119.9
2008-10-13,371.67,119.3
2008-10-14,389.33,128.4
2008-10-15,397.15,132.1
2008-10-16,384.61,124.3
2008-10-17,382.51,125.3
2008-10-20,370.8,123.1
2008-10-21,379.94,126.8
2008-10-22,374.91,123.0
2008-10-23,360.43,115.3
2008-10-24,345.11,111.6
2008-10-27,329.28,105.2
2008-10-28,322.8,105.0
2008-10-29,331.62,107.4
2008-10-30,336.57,111.9
2008-10-31,347.05,114.9
2008-11-03,348.64,112.9
2008-11-04,361.44,118.6
2008-11-05,377.83,125.2
2008-11-06,379.51,122.1
2008-11-07,365.97,116.4
2008-11-10,366.0,118.3
2008-11-11,351.71,112.3
2008-11-12,342.33,113.0
2008-11-13,346.24,110.6
2008-11-14,352.07,113.1
2008-11-17,345.05,110.3
2008-11-18,340.69,111.4
2008-11-19,336.89,110.9
2008-11-20,325.74,106.5
2008-11-21,318.96,103.9
2008-11-24,317.93,104.5
2008-11-25,320.33,105.2
2008-11-26,311.74,99.6
2008-11-27,303.54,97.6
2008-11-28,314.74,104.2
2008-12-01,314.71,104.0
2008-12-02,307.45,103.5
2008-12-03,306.22,104.2
2008-12-04,308.6,106.6
2008-12-05,299.68,103.5
2008-12-08,288.69,100.1
2008-12-09,293.3,103.1
2008-12-10,286.85,100.2
2008-12-11,288.93,101.9
2008-12-12,299.54,105.9
2008-12-15,308.28,110.3
2008-12-16,296.42,106.6
2008-12-17,301.02,107.4
2008-12-18,305.56,108.2
2008-12-19,307.26,107.7
2008-12-22,310.05,107.8
2008-12-23,303.93,105.2
2008-12-24,304.05,104.3
2008-12-25,302.19,105.0
2008-12-26,304.46,105.6
2008-12-29,308.56,105.5
2008-12-30,316.32,105.4
2008-12-31,315.62,105.1
2009-01-02,313.34,104.5
2009-01-05,311.91,103.8
2009-01-06,314.04,105.5
2009-01-07,319.58,107.0
2009-01-08,314.15,105.7
2009-01-09,313.4,106.2
2009-01-12,312.18,105.7
2009-01-13,307.13,104.2
2009-01-14,307.98,104.0
2009-01-15,304.01,103.1
2009-01-16,306.12,102.8
2009-01-19,304.98,102.0
2009-01-20,302.86,100.7
2009-01-21,300.04,99.8
2009-01-22,301.12,100.3
2009-01-23,303.21,99.9
2009-02-02,297.52,98.6
2009-02-03,288.69,94.5
2009-02-04,286.11,93.8
2009-02-05,277.81,90.2
2009-02-06,281.63,92.7
2009-02-09,287.57,95.4
2009-02-10,282.02,93.0
2009-02-11,276.22,91.3
2009-02-12,276.09,91.4
2009-02-13,274.51,90.9
2009-02-16,272.31,90.0
2009-02-17,263.07,88.0
2009-02-18,255.09,84.6
2009-02-19,254.85,85.3
2009-02-20,252.57,84.2
2009-02-23,244.02,80.3
2009-02-24,235.5,78.1
2009-02-25,244.33,81.9
2009-02-26,242.53,82.1
2009-02-27,245.74,84.0
2009-03-02,247.66,83.6
2009-03-03,241.46,81.8
2009-03-04,244.36,82.5
2009-03-05,246.68,84.8
2009-03-06,245.7,84.6
2009-03-09,247.85,85.5
2009-03-10,251.88,87.5
2009-03-11,255.85,90.5
2009-03-12,251.01,87.5
2009-03-13,251.44,88.7
2009-03-16,254.56,90.2
2009-03-17,263.2,93.6
2009-03-18,273.39,98.1
2009-03-19,267.04,96.3
2009-03-20,266.62,95.6
2009-03-23,260.16,93.1
2009-03-24,270.62,98.7
2009-03-25,277.63,98.4
2009-03-26,286.25,100.0
2009-03-27,287.41,98.6
2009-03-30,282.38,97.3
2009-03-31,280.67,98.4
2009-04-01,289.52,100.8
2009-04-02,297.3,102.7
2009-04-03,310.28,108.8
2009-04-07,322.36,114.3
2009-04-08,313.76,108.9
2009-04-09,311.72,111.5
2009-04-10,325.05,118.6
2009-04-13,340.01,126.4
2009-04-14,347.07,130.9
2009-04-15,339.29,127.9
2009-04-16,343.88,129.4
2009-04-17,334.14,122.6
2009-04-20,318.89,116.3
2009-04-21,312.77,110.7
2009-04-22,321.86,115.3
2009-04-23,315.2,113.6
2009-04-24,309.9,110.2
2009-04-27,313.69,109.3
2009-04-28,315.71,112.0
2009-04-29,321.63,115.0
2009-05-04,336.64,121.5
2009-05-05,351.32,127.6
2009-05-06,350.14,124.4
2009-05-07,363.85,132.1
2009-05-08,366.22,131.2
2009-05-11,372.95,130.6
2009-05-12,381.97,132.8
2009-05-13,378.25,131.2
2009-05-14,376.75,130.2
2009-05-15,390.16,136.2
2009-05-18,390.85,136.8
2009-05-19,400.9,142.1
2009-05-20,410.38,142.7
2009-05-21,412.51,142.5
2009-05-22,404.58,141.4
2009-05-25,421.75,148.6
2009-05-26,425.03,150.2
2009-05-27,425.17,148.3
2009-05-28,415.45,142.3
2009-05-29,411.64,144.1
2009-06-01,426.43,149.6
2009-06-02,440.56,154.6
2009-06-03,444.79,154.9
2009-06-04,458.19,159.4
2009-06-05,478.72,169.5
2009-06-08,501.49,181.0
2009-06-09,512.46,186.2
2009-06-10,497.51,179.7
2009-06-11,511.27,186.2
2009-06-12,509.59,182.9
2009-06-15,493.52,175.8
2009-06-16,471.97,165.0
2009-06-17,472.47,167.0
2009-06-18,479.27,168.5
2009-06-19,475.22,167.9
2009-06-22,458.11,158.7
2009-06-23,438.55,149.2
2009-06-24,456.22,157.6
2009-06-25,453.76,154.4
2009-06-26,461.37,155.7
2009-06-29,460.42,153.8
2009-06-30,448.29,149.0
2009-07-01,430.0,142.5
2009-07-02,433.79,146.0
2009-07-03,435.44,145.8
2009-07-06,454.27,152.1
2009-07-07,447.63,150.7
2009-07-08,446.79,149.3
2009-07-09,446.4,148.4
2009-07-10,438.83,146.4
2009-07-13,426.67,141.6
2009-07-14,418.55,140.7
2009-07-15,427.05,142.9
2009-07-16,433.47,145.8
2009-07-17,428.67,144.2
2009-07-20,412.88,138.6
2009-07-21,416.43,140.4
2009-07-22,419.48,139.8
2009-07-23,434.2,147.6
2009-07-24,454.71,154.6
2009-07-27,469.71,161.1
2009-07-28,462.98,154.8
2009-07-29,458.04,152.1
2009-07-30,451.91,148.9
2009-07-31,466.76,153.9
2009-08-03,467.93,150.9
2009-08-04,476.59,153.0
2009-08-05,481.29,153.9
2009-08-06,481.44,152.9
2009-08-07,480.65,151.7
2009-08-10,491.2,154.7
2009-08-11,494.17,156.0
2009-08-12,497.16,156.4
2009-08-13,503.58,157.9
2009-08-14,506.99,157.2
2009-08-17,500.08,155.8
2009-08-18,499.69,156.4
2009-08-19,508.46,158.9
2009-08-20,513.9,160.5
2009-08-21,519.17,162.0
2009-08-24,528.2,164.6
2009-08-25,528.85,163.6
2009-08-26,525.95,164.4
2009-08-27,527.04,164.1
2009-08-28,536.53,167.6
2009-08-31,546.78,172.2
2009-09-01,547.69,172.2
2009-09-03,540.81,169.7
2009-09-04,528.49,166.9
2009-09-07,524.51,164.7
2009-09-08,537.81,167.8
2009-09-09,536.11,167.0
2009-09-10,540.19,167.3
2009-09-11,547.99,169.2
2009-09-14,556.59,171.8
2009-09-15,556.75,173.3
2009-09-16,556.98,174.9
2009-09-17,561.19,174.7
2009-09-18,571.01,176.5
2009-09-21,577.97,177.8
2009-09-22,582.85,179.6
2009-09-23,582.11,181.1
2009-09-24,574.78,180.8
2009-09-25,582.84,183.5
2009-09-28,582.02,184.4
2009-09-29,582.59,185.1
2009-09-30,580.9,184.3
2009-10-01,568.99,181.4
2009-10-02,549.73,177.3
2009-10-05,549.0,175.4
2009-10-06,552.03,176.9
2009-10-07,566.42,181.0
2009-10-08,571.84,184.4
2009-10-09,581.99,189.7
2009-10-12,594.3,196.7
2009-10-13,589.89,197.5
2009-10-14,605.65,205.4
2009-10-15,617.38,211.5
2009-10-16,609.54,206.8
2009-10-19,607.11,210.1
2009-10-20,616.58,214.9
2009-10-21,618.48,217.7
2009-10-22,624.1,218.4
2009-10-23,615.68,214.3
2009-10-26,609.34,209.8
2009-10-27,596.78,204.4
2009-10-28,599.86,203.5
2009-10-29,581.49,196.1
2009-10-30,587.12,199.4
2009-11-02,561.71,188.0
2009-11-03,539.65,183.1
2009-11-04,537.53,185.0
2009-11-05,555.54,190.3
2009-11-06,554.88,189.1
2009-11-09,534.09,181.8
2009-11-10,524.4,177.3
2009-11-11,537.59,182.6
2009-11-12,545.98,184.4
2009-11-13,548.21,183.6
2009-11-16,545.7,183.2
2009-11-17,547.08,182.7
2009-11-18,553.83,185.2
2009-11-19,560.05,185.7
2009-11-20,555.84,184.8
2009-11-23,537.29,179.1
2009-11-24,527.13,175.2
2009-11-25,503.41,164.9
2009-11-26,482.6,155.2
2009-11-27,490.62,155.4
2009-11-30,504.12,161.8
2009-12-01,514.92,168.7
2009-12-02,499.14,160.0
2009-12-03,494.8,159.0
2009-12-04,494.96,159.4
2009-12-07,498.61,160.1
2009-12-08,488.47,155.4
2009-12-09,470.63,147.9
2009-12-10,458.72,144.5
2009-12-11,444.16,140.0
2009-12-14,458.39,146.9
2009-12-15,459.44,143.6
2009-12-16,442.1,137.5
2009-12-17,434.87,138.2
2009-12-18,443.34,143.3
2009-12-21,460.99,150.3
2009-12-22,465.24,149.5
2009-12-23,470.75,153.3
2009-12-24,479.13,157.0
2009-12-25,495.08,162.0
2009-12-28,492.57,161.8
2009-12-29,484.45,160.1
2009-12-30,495.36,164.9
2009-12-31,494.77,168.2
2010-01-04,517.05,179.8
2010-01-05,532.53,183.3
2010-01-06,534.46,179.6
2010-01-07,533.34,177.9
2010-01-08,520.9,179.8
2010-01-11,515.06,177.0
2010-01-12,498.31,170.6
2010-01-13,508.61,174.3
2010-01-14,512.33,175.7
2010-01-15,505.42,171.4
2010-01-18,487.13,164.5
2010-01-19,495.51,165.9
2010-01-20,489.5,161.1
2010-01-21,478.42,157.6
2010-01-22,477.59,157.6
2010-01-25,480.91,157.3
2010-01-26,497.9,165.5
2010-01-27,486.41,160.9
2010-01-28,481.76,159.3
2010-01-29,481.96,160.3
2010-02-01,486.95,161.2
2010-02-02,487.93,160.9
2010-02-03,495.48,161.9
2010-02-04,503.83,164.7
2010-02-05,493.04,161.8
2010-02-08,491.2,161.4
2010-02-09,482.89,158.6
2010-02-10,490.91,161.0
2010-02-11,499.94,163.2
2010-02-12,507.0,164.7
2010-02-22,510.02,165.6
2010-02-23,496.29,161.6
2010-02-24,494.59,162.8
2010-02-25,494.99,162.3
2010-02-26,496.91,162.4
2010-03-01,503.01,166.28
2010-03-02,501.0,165.41
2010-03-03,507.32,170.22
2010-03-04,511.91,168.36
2010-03-05,513.39,170.16
2010-03-08,521.12,171.23
2010-03-09,527.27,172.7
2010-03-10,525.67,172.09
2010-03-11,524.64,171.54
2010-03-12,531.51,173.45
2010-03-15,531.86,173.32
2010-03-16,516.08,168.67
2010-03-17,510.85,168.22
2010-03-18,519.73,170.59
2010-03-19,515.99,169.85
2010-03-22,511.58,168.4
2010-03-23,506.53,166.97
2010-03-24,512.12,168.23
2010-03-25,503.39,163.68
2010-03-26,505.3,163.76
2010-03-29,505.67,163.75
2010-03-30,500.72,162.37
2010-03-31,499.24,160.55
2010-04-01,508.18,163.82
2010-04-02,510.48,164.11
2010-04-05,514.79,167.18
2010-04-06,515.33,166.72
2010-04-07,515.82,168.2
2010-04-08,515.93,170.62
2010-04-09,517.42,170.83
2010-04-12,519.93,171.23
2010-04-13,517.98,168.57
2010-04-14,516.21,169.06
2010-04-15,521.49,171.86
2010-04-16,522.03,172.6
2010-04-19,516.74,173.04
2010-04-20,515.2,173.94
2010-04-21,519.7,177.86
2010-04-22,529.31,178.33
2010-04-26,531.21,175.98
2010-04-27,535.72,176.05
2010-04-28,539.2,176.56
2010-04-29,542.37,179.69
2010-05-04,549.12,184.3
2010-05-05,548.01,183.21
2010-05-06,549.51,187.22
2010-05-07,542.03,184.38
2010-05-10,534.38,181.7
2010-05-11,534.36,182.43
2010-05-12,519.6,174.74
2010-05-13,518.93,173.16
2010-05-14,520.72,172.71
2010-05-17,511.27,169.61
2010-05-18,508.3,167.02
2010-05-19,494.9,160.51
2010-05-20,503.55,163.36
2010-05-21,483.69,152.69
2010-05-24,486.19,156.41
2010-05-25,486.25,155.9
2010-05-26,492.69,159.48
2010-05-27,497.16,159.83
2010-05-28,512.99,166.71
2010-05-31,507.44,163.6
2010-06-01,508.68,162.91
2010-06-02,510.74,162.15
2010-06-03,511.16,163.36
2010-06-04,510.37,161.68
2010-06-07,496.89,154.8
2010-06-08,497.19,157.49
2010-06-09,497.56,156.61
2010-06-10,500.51,157.06
2010-06-11,504.29,158.23
2010-06-14,508.32,159.76
2010-06-15,508.01,160.45
2010-06-16,510.72,163.63
2010-06-17,510.76,162.25
2010-06-18,511.18,163.35
2010-06-21,514.75,164.01
2010-06-22,512.63,161.92
2010-06-23,512.82,162.86
2010-06-24,511.67,162.98
2010-06-25,505.12,160.4
2010-06-28,507.28,161.15
2010-06-29,510.71,161.33
2010-06-30,507.14,158.81
2010-07-01,504.02,157.98
2010-07-02,503.65,158.39
2010-07-05,506.55,158.28
2010-07-06,500.82,155.8
2010-07-07,496.91,155.09
2010-07-08,498.55,155.58
2010-07-09,499.46,156.21
2010-07-12,499.93,157.57
2010-07-13,509.08,161.9
2010-07-14,507.34,162.42
2010-07-15,505.19,160.71
2010-07-16,506.21,161.12
2010-07-19,506.84,160.37
2010-07-20,506.56,160.15
2010-07-21,505.4,158.97
2010-07-22,500.28,157.68
2010-07-23,500.31,157.99
2010-07-26,498.1,155.7
2010-07-27,497.67,154.92
2010-07-28,491.0,152.38
2010-07-29,491.11,152.99
2010-07-30,493.91,153.33
2010-08-02,491.61,151.38
2010-08-03,491.9,150.48
2010-08-04,486.71,147.86
2010-08-05,486.21,147.45
2010-08-06,482.82,146.14
2010-08-09,472.74,141.9
2010-08-10,461.67,137.85
2010-08-11,463.12,139.12
2010-08-12,448.4,132.03
2010-08-13,452.73,134.97
2010-08-16,464.76,140.11
2010-08-17,463.52,136.19
2010-08-18,455.49,132.62
2010-08-19,452.23,132.25
2010-08-20,454.84,131.41
2010-08-23,447.92,129.09
2010-08-24,434.42,124.4
2010-08-25,423.89,118.81
2010-08-26,427.07,119.53
2010-08-27,429.14,118.28
2010-08-30,444.55,124.88
2010-08-31,455.08,128.4
2010-09-01,458.75,131.66
2010-09-06,466.0,136.8
2010-09-07,460.59,135.65
2010-09-08,458.44,132.59
2010-09-09,463.68,136.24
2010-09-10,451.39,131.15
2010-09-13,447.27,128.22
2010-09-14,449.01,129.93
2010-09-15,448.72,127.21
2010-09-16,449.52,128.4
2010-09-17,457.6,132.85
2010-09-20,457.87,133.31
2010-09-21,453.32,131.57
2010-09-22,453.9,131.53
2010-09-23,450.77,129.83
2010-09-24,449.71,129.63
2010-09-27,450.2,129.93
2010-09-28,455.13,130.17
2010-09-29,452.94,127.41
2010-09-30,454.52,127.29
2010-10-01,451.71,125.81
2010-10-04,445.83,120.92
2010-10-05,450.96,122.02
2010-10-06,460.72,124.84
2010-10-07,462.05,122.62
2010-10-08,459.26,121.69
2010-10-11,459.32,121.26
2010-10-12,454.32,119.81
2010-10-13,457.7,120.39
2010-10-14,458.66,120.45
2010-10-15,458.39,119.69
2010-10-18,457.59,118.89
2010-10-19,454.25,116.56
2010-10-20,442.17,112.28
2010-10-21,445.05,112.55
2010-10-22,445.21,111.32
2010-10-25,448.61,111.77
2010-10-26,455.12,114.91
2010-10-27,450.01,112.53
2010-10-28,450.07,111.51
2010-10-29,452.63,112.86
2010-11-01,451.06,111.08
2010-11-02,446.3,109.99
2010-11-03,444.16,109.11
2010-11-04,448.95,109.71
2010-11-05,457.27,112.8
2010-11-08,457.13,109.73
2010-11-09,449.4,106.83
2010-11-10,451.26,107.18
2010-11-11,446.69,104.79
2010-11-12,441.6,101.62
2010-11-15,433.54,98.48
2010-11-16,426.89,97.44
2010-11-17,425.5,97.73
2010-11-18,430.72,100.59
2010-11-19,426.51,99.1
2010-11-22,426.19,97.86
2010-11-23,430.81,99.05
2010-11-24,434.48,99.02
2010-11-25,439.85,102.07
2010-11-26,439.94,101.57
2010-11-29,446.36,105.22
2010-11-30,451.59,108.43
2010-12-01,449.93,106.7
2010-12-02,457.42,111.93
2010-12-03,464.35,116.66
2010-12-06,465.56,117.07
2010-12-07,460.76,114.19
2010-12-08,452.83,110.5
2010-12-09,460.45,112.13
2010-12-10,473.06,116.39
2010-12-13,490.22,121.76
2010-12-14,489.65,119.61
2010-12-15,493.47,120.6
2010-12-16,480.21,115.43
2010-12-17,485.29,119.7
2010-12-20,478.29,116.7
2010-12-21,481.78,115.0
2010-12-22,481.53,113.73
2010-12-23,475.41,111.22
2010-12-24,472.76,111.19
2010-12-27,473.05,111.43
2010-12-28,479.33,114.81
2010-12-29,478.75,112.93
2010-12-30,481.4,112.64
2010-12-31,484.66,114.24
2011-01-04,485.97,113.4
2011-01-05,481.91,111.16
2011-01-06,482.31,111.44
2011-01-07,481.86,110.04
2011-01-10,480.55,107.47
2011-01-11,477.44,104.76
2011-01-12,478.45,106.3
2011-01-13,484.12,107.42
2011-01-14,489.22,108.05
2011-01-17,495.16,109.02
2011-01-18,497.43,107.46
2011-01-19,505.91,107.27
2011-01-20,511.98,107.02
2011-01-21,519.5,107.87
2011-01-24,509.88,106.22
2011-01-25,501.97,105.3
2011-01-26,501.25,105.76
2011-01-27,502.68,106.62
2011-01-28,510.6,106.63
2011-02-08,520.69,107.66
2011-02-09,522.59,108.39
2011-02-10,520.23,107.67
2011-02-11,519.98,107.81
2011-02-14,514.05,107.38
2011-02-15,517.87,106.65
2011-02-16,513.11,105.49
2011-02-17,509.83,103.97
2011-02-18,503.92,102.31
2011-02-21,483.68,96.58
2011-02-22,470.02,95.46
2011-02-23,470.67,96.95
2011-02-24,461.29,95.64
2011-02-25,466.96,97.36
2011-02-28,461.37,95.92
2011-03-01,466.12,95.16
2011-03-02,457.83,91.17
2011-03-03,452.34,90.12
2011-03-04,459.23,90.93
2011-03-07,468.22,90.65
2011-03-08,475.38,90.05
2011-03-09,470.51,88.45
2011-03-10,482.49,92.31
2011-03-11,495.06,94.85
2011-03-14,479.9,91.92
2011-03-15,468.74,91.04
2011-03-16,463.58,91.98
2011-03-17,460.53,92.38
2011-03-18,461.08,95.21
2011-03-21,468.25,94.84
2011-03-22,464.8,93.17
2011-03-23,467.64,94.11
2011-03-24,461.32,93.28
2011-03-25,457.74,92.82
2011-03-28,459.52,93.07
2011-03-29,457.88,91.94
2011-03-30,460.04,91.48
2011-03-31,461.13,91.47
2011-04-01,459.17,91.05
2011-04-04,457.25,90.1
2011-04-05,457.2,90.56
2011-04-06,464.94,91.83
2011-04-07,463.49,90.72
2011-04-08,464.29,90.26
2011-04-13,461.01,89.42
2011-04-14,460.63,89.07
2011-04-15,460.96,87.98
2011-04-18,455.46,86.49
2011-04-19,453.74,86.16
2011-04-20,458.5,86.0
2011-04-21,460.3,84.21
2011-04-22,456.45,83.92
2011-04-25,465.62,85.27
2011-04-26,461.86,83.74
2011-04-27,469.32,83.79
2011-04-28,472.93,83.27
2011-04-29,480.08,83.58
2011-05-04,486.58,83.19
2011-05-05,479.29,82.1
2011-05-06,472.71,82.69
2011-05-09,477.47,83.28
2011-05-10,481.29,82.94
2011-05-11,483.15,82.71
2011-05-12,482.14,82.33
2011-05-13,479.67,82.0
2011-05-16,471.49,80.98
2011-05-17,464.35,79.56
2011-05-18,454.91,78.86
2011-05-19,444.85,78.24
2011-05-20,432.87,76.98
2011-05-23,417.82,74.5
2011-05-24,402.59,71.88
2011-05-25,386.36,69.01
2011-05-26,398.04,70.34
2011-05-27,410.82,70.83
2011-05-30,412.1,69.61
2011-05-31,421.37,69.48
2011-06-01,435.69,71.73
2011-06-02,450.59,74.05
2011-06-03,443.41,73.87
2011-06-06,433.81,73.6
2011-06-07,443.68,76.09
2011-06-08,439.57,75.63
2011-06-09,443.95,77.39
2011-06-10,445.0,79.1
2011-06-13,442.69,80.87
2011-06-14,441.54,79.51
2011-06-15,441.45,77.74
2011-06-16,445.17,78.68
2011-06-17,438.93,76.63
2011-06-20,431.63,75.33
2011-06-21,442.74,77.05
2011-06-22,439.63,76.41
2011-06-23,434.75,75.26
2011-06-24,433.4,75.78
2011-06-27,434.25,75.63
2011-06-28,432.31,74.71
2011-06-29,434.6,74.85
2011-06-30,432.54,74.35
2011-07-01,425.29,72.76
2011-07-04,425.42,73.01
2011-07-05,431.03,74.31
2011-07-06,428.3,73.44
2011-07-07,429.99,73.04
2011-07-08,430.32,72.84
2011-07-11,425.09,71.94
2011-07-12,417.25,72.28
2011-07-13,418.18,71.95
2011-07-14,418.93,71.88
2011-07-15,414.74,71.54
2011-07-18,415.77,71.02
2011-07-19,410.12,70.74
2011-07-20,416.77,71.69
2011-07-21,413.06,71.35
2011-07-22,409.2,70.88
2011-07-25,409.36,70.23
2011-07-26,409.39,69.91
2011-07-27,409.4,69.92
2011-07-28,408.39,69.95
2011-07-29,405.7,69.55
2011-08-01,401.95,68.6
2011-08-02,396.55,67.35
2011-08-03,391.47,67.45
2011-08-04,396.05,68.83
2011-08-05,400.88,68.54
2011-08-08,396.41,67.32
2011-08-09,387.7,65.63
2011-08-10,385.96,66.62
2011-08-11,384.4,65.82
2011-08-12,383.92,66.02
2011-08-15,384.32,65.78
2011-08-16,386.48,65.83
2011-08-17,393.46,67.41
2011-08-18,402.89,68.31
2011-08-19,400.76,67.53
2011-08-22,406.03,69.92
2011-08-23,401.28,69.43
2011-08-24,396.68,69.08
2011-08-25,401.65,69.75
2011-08-26,404.41,69.25
2011-08-29,413.37,71.33
2011-08-30,419.26,72.56
2011-08-31,424.71,73.19
2011-09-01,435.29,75.36
2011-09-05,435.73,75.11
2011-09-06,436.16,73.77
2011-09-07,443.99,76.75
2011-09-08,453.26,76.94
2011-09-09,459.92,76.78
2011-09-12,462.93,78.53
2011-09-13,469.4,79.25
2011-09-14,466.99,77.33
2011-09-15,470.67,76.37
2011-09-16,457.11,74.88
2011-09-19,461.68,76.01
2011-09-20,454.37,74.38
2011-09-21,447.57,74.6
2011-09-22,449.26,75.44
2011-09-23,440.3,74.58
2011-09-26,434.43,73.4
2011-09-27,437.47,73.34
2011-09-28,433.97,73.58
2011-09-29,428.08,72.09
2011-09-30,427.6,71.34
2011-10-03,422.12,70.38
2011-10-04,418.18,70.46
2011-10-05,417.21,70.34
2011-10-06,421.32,72.1
2011-10-07,417.96,71.5
2011-10-10,419.66,70.46
2011-10-11,417.73,70.93
2011-10-12,410.91,69.48
2011-10-13,412.59,69.11
2011-10-14,414.49,69.19
2011-10-17,410.84,68.46
2011-10-18,404.32,67.81
2011-10-19,401.15,67.93
2011-10-20,403.73,67.72
2011-10-21,411.03,69.13
2011-10-24,414.46,68.43
2011-10-25,409.38,67.72
2011-10-26,412.1,67.97
2011-10-27,414.75,67.78
2011-10-28,422.07,69.94
2011-10-31,420.81,70.21
2011-11-01,413.82,68.52
2011-11-02,407.79,67.14
2011-11-03,408.44,66.43
2011-11-04,410.57,65.97
2011-11-07,410.52,65.02
2011-11-08,408.6,65.13
2011-11-09,405.19,64.6
2011-11-10,401.03,63.82
2011-11-11,396.3,63.6
2011-11-14,391.74,62.45
2011-11-15,387.87,63.06
2011-11-16,390.89,64.14
2011-11-17,385.86,62.88
2011-11-18,379.62,62.18
2011-11-21,379.14,61.68
2011-11-22,381.76,61.74
2011-11-23,388.57,62.1
2011-11-24,381.78,61.27
2011-11-25,383.35,61.15
2011-11-28,383.31,61.91
2011-11-29,382.9,61.38
2011-11-30,380.69,60.47
2011-12-01,380.1,61.18
2011-12-02,383.88,61.68
2011-12-05,391.19,63.47
2011-12-06,390.2,62.78
2011-12-07,387.21,62.51
2011-12-08,381.63,62.59
2011-12-09,377.16,61.73
2011-12-12,375.3,61.36
2011-12-13,371.75,60.62
2011-12-14,367.55,59.64
2011-12-15,364.48,58.9
2011-12-16,366.03,59.83
2011-12-19,367.4,60.19
2011-12-20,365.67,59.33
2011-12-21,367.72,59.79
2011-12-22,360.37,58.42
2011-12-23,356.21,58.0
2011-12-26,352.68,57.17
2011-12-27,347.8,56.7
2011-12-28,350.66,58.15
2011-12-29,350.51,57.61
2011-12-30,351.55,58.74
2012-01-03,350.0,56.79
2012-01-04,348.84,56.43
2012-01-05,340.94,55.89
2012-01-06,336.73,55.43
2012-01-09,339.32,55.27
2012-01-10,344.68,56.15
2012-01-11,347.43,55.88
2012-01-12,348.11,55.81
2012-01-13,354.33,56.27
2012-01-16,357.87,57.0
2012-01-17,358.86,56.55
2012-01-18,362.66,57.22
2012-01-19,373.43,58.41
2012-01-20,373.0,58.44
2012-01-30,384.94,59.34
2012-01-31,387.97,60.59
2012-02-01,390.67,60.47
2012-02-02,401.61,62.57
2012-02-03,401.74,61.85
2012-02-06,399.73,61.49
2012-02-07,401.08,62.53
2012-02-08,409.53,63.74
2012-02-09,411.39,63.82
2012-02-10,405.02,62.69
2012-02-13,395.54,61.04
2012-02-14,400.26,61.54
2012-02-15,397.41,60.21
2012-02-16,396.51,60.58
2012-02-17,403.3,61.79
2012-02-20,413.98,64.27
2012-02-21,410.91,63.89
2012-02-22,418.41,65.7
2012-02-23,423.89,66.78
2012-02-24,423.43,67.07
2012-02-27,428.41,69.16
2012-02-28,422.22,67.09
2012-02-29,423.64,68.68
2012-03-01,427.95,69.58
2012-03-02,439.6,71.72
2012-03-05,457.21,75.78
2012-03-06,445.0,75.2
2012-03-07,444.02,75.03
2012-03-08,431.66,71.83
2012-03-09,432.11,71.56
2012-03-12,428.02,69.26
2012-03-13,429.39,70.54
2012-03-14,433.86,69.28
2012-03-15,441.85,72.19
2012-03-16,438.52,72.76
2012-03-19,438.07,72.9
2012-03-20,440.29,74.39
2012-03-21,445.77,75.66
2012-03-22,445.67,76.11
2012-03-23,454.1,77.57
2012-03-26,459.26,77.72
2012-03-27,445.92,74.95
2012-03-28,446.32,75.53
2012-03-29,439.63,73.2
2012-03-30,441.03,72.2
2012-04-03,445.77,74.49
2012-04-04,439.77,73.25
2012-04-05,444.93,74.82
2012-04-06,447.44,74.69
2012-04-09,450.73,76.28
2012-04-10,450.85,75.41
2012-04-11,458.74,77.51
2012-04-12,465.26,78.54
2012-04-13,462.52,78.38
2012-04-16,468.26,80.37
2012-04-17,472.84,79.91
2012-04-18,472.16,79.33
2012-04-19,467.08,77.5
2012-04-20,465.72,77.75
2012-04-23,465.17,77.81
2012-04-24,465.65,78.57
2012-04-25,472.87,79.55
2012-04-26,470.21,78.74
2012-04-27,473.77,79.86
2012-05-02,472.46,79.35
2012-05-03,468.8,79.69
2012-05-04,476.32,81.27
2012-05-07,486.31,83.79
2012-05-08,488.07,83.64
2012-05-09,487.62,83.76
2012-05-10,486.07,83.23
2012-05-11,480.1,81.58
2012-05-14,469.69,78.84
2012-05-15,455.65,76.81
2012-05-16,449.91,77.55
2012-05-17,442.58,76.15
2012-05-18,434.95,73.81
2012-05-21,448.02,76.84
2012-05-22,447.94,76.46
2012-05-23,436.75,73.61
2012-05-24,426.92,73.66
2012-05-25,437.38,76.06
2012-05-28,435.48,75.6
2012-05-29,431.44,75.3
2012-05-30,435.34,75.62
2012-05-31,429.2,74.07
2012-06-01,428.8,74.36
2012-06-04,416.65,72.51
2012-06-05,421.02,73.58
2012-06-06,426.39,73.78
2012-06-07,434.41,75.87
2012-06-08,432.9,75.08
2012-06-11,432.5,75.8
2012-06-12,428.16,74.6
2012-06-13,427.61,74.76
2012-06-14,425.28,74.24
2012-06-15,433.09,74.84
2012-06-18,435.59,74.9
2012-06-19,431.08,74.08
2012-06-20,432.89,74.36
2012-06-21,431.14,73.9
2012-06-22,427.17,73.31
2012-06-25,424.12,71.8
2012-06-26,419.19,71.11
2012-06-27,418.04,70.7
2012-06-28,418.16,71.36
2012-06-29,422.37,71.07
2012-07-02,419.3,70.09
2012-07-03,413.09,69.21
2012-07-04,410.73,68.08
2012-07-05,413.83,69.81
2012-07-06,415.44,69.67
2012-07-09,408.12,68.2
2012-07-10,405.39,67.89
2012-07-11,407.28,68.59
2012-07-12,408.72,69.32
2012-07-13,416.98,70.57
2012-07-16,413.98,69.78
2012-07-17,417.55,71.4
2012-07-18,418.83,71.03
2012-07-19,428.38,72.93
2012-07-20,424.47,72.19
2012-07-23,421.99,71.46
2012-07-24,415.63,69.84
2012-07-25,412.91,69.68
2012-07-26,414.8,70.09
2012-07-27,413.16,69.35
2012-07-30,415.0,69.45
2012-07-31,414.48,69.19
2012-08-01,412.55,68.7
2012-08-02,416.1,68.98
2012-08-03,418.21,68.91
2012-08-06,423.16,70.45
2012-08-07,422.5,69.58
2012-08-08,423.57,70.48
2012-08-09,426.98,70.79
2012-08-10,425.56,70.34
2012-08-13,426.17,69.96
2012-08-14,429.47,70.32
2012-08-15,430.77,70.15
2012-08-16,430.83,69.94
2012-08-17,433.45,70.35
2012-08-20,437.28,70.65
2012-08-21,416.84,66.95
2012-08-22,410.23,64.65
2012-08-23,392.82,61.23
2012-08-24,399.72,63.11
2012-08-27,386.19,60.31
2012-08-28,385.78,59.73
2012-08-29,393.06,61.88
2012-08-30,397.25,61.92
2012-08-31,396.02,61.43
2012-09-04,402.08,61.65
2012-09-05,398.92,60.92
2012-09-06,393.41,60.32
2012-09-07,397.51,60.39
2012-09-10,388.88,58.07
2012-09-11,386.62,57.52
2012-09-12,388.35,57.42
2012-09-13,391.36,58.11
2012-09-14,398.87,59.23
2012-09-17,401.75,58.7
2012-09-18,394.51,56.48
2012-09-19,394.55,56.07
2012-09-20,389.28,55.42
2012-09-21,395.48,56.71
2012-09-24,390.37,56.46
2012-09-25,391.77,56.22
2012-09-26,395.12,56.29
2012-09-27,393.34,55.9
2012-09-28,392.57,55.47
2012-10-01,386.55,54.27
2012-10-02,384.32,53.94
2012-10-03,385.37,54.19
2012-10-04,384.51,54.17
2012-10-05,388.16,54.34
2012-10-08,393.45,55.21
2012-10-09,393.67,55.43
2012-10-10,394.66,55.51
2012-10-11,394.19,55.84
2012-10-12,392.54,55.44
2012-10-15,391.56,54.94
2012-10-16,399.22,56.28
2012-10-17,397.02,55.93
2012-10-18,398.51,55.82
2012-10-19,398.23,54.74
2012-10-22,397.0,54.35
2012-10-23,397.71,54.56
2012-10-24,395.45,54.25
2012-10-25,389.92,53.88
2012-10-26,391.7,53.79
2012-10-29,391.36,53.64
2012-10-30,389.86,53.13
2012-10-31,388.42,53.02
2012-11-01,387.95,52.66
2012-11-02,375.26,51.06
2012-11-05,377.27,50.75
2012-11-06,376.95,50.66
2012-11-07,380.9,51.58
2012-11-08,385.6,51.08
2012-11-09,386.71,51.58
2012-11-12,388.62,52.52
2012-11-13,385.22,52.39
2012-11-14,387.71,52.3
2012-11-15,386.91,51.69
2012-11-16,385.71,51.81
2012-11-19,383.32,51.45
2012-11-20,385.1,51.9
2012-11-21,383.87,51.41
2012-11-22,383.22,51.58
2012-11-23,381.71,51.23
2012-11-26,377.9,50.96
2012-11-27,376.89,50.96
2012-11-28,375.79,51.0
2012-11-29,378.2,51.1
2012-11-30,377.82,51.05
2012-12-03,379.27,51.04
2012-12-04,382.1,51.49
2012-12-05,385.69,52.1
2012-12-06,385.69,51.78
2012-12-07,383.8,51.66
2012-12-10,386.69,52.71
2012-12-11,389.37,52.72
2012-12-12,391.08,53.86
2012-12-13,391.19,54.08
2012-12-14,392.21,54.44
2012-12-17,393.63,54.47
2012-12-18,393.39,53.96
2012-12-19,398.59,54.93
2012-12-20,399.68,54.32
2012-12-21,396.78,54.05
2012-12-24,399.71,55.0
2012-12-25,401.34,55.04
2012-12-26,406.1,55.92
2012-12-27,409.97,56.15
2012-12-28,413.73,57.09
2013-01-02,418.35,59.11
2013-01-03,419.27,58.09
2013-01-04,426.06,59.21
2013-01-07,434.19,59.0
2013-01-08,447.16,59.95
2013-01-09,448.77,59.61
2013-01-10,460.12,60.53
2013-01-11,462.69,60.55
2013-01-14,458.97,60.62
2013-01-15,461.42,62.19
2013-01-16,465.25,62.71
2013-01-17,456.76,62.33
2013-01-18,454.16,62.05
2013-01-21,447.79,61.16
2013-01-22,442.85,59.49
2013-01-23,443.37,59.57
2013-01-24,452.4,61.17
2013-01-25,468.09,61.61
2013-01-28,479.6,62.52
2013-01-29,484.01,62.99
2013-01-30,487.6,63.35
2013-01-31,479.79,62.62
2013-02-01,483.42,62.99
2013-02-04,482.38,62.93
2013-02-05,477.36,62.77
2013-02-06,488.36,64.13
2013-02-07,490.62,65.02
2013-02-08,494.03,66.21
2013-02-18,493.95,66.74
2013-02-19,490.78,66.25
2013-02-20,494.83,67.0
2013-02-21,476.73,63.45
2013-02-22,477.69,64.12
2013-02-25,483.69,64.19
2013-02-26,465.05,62.01
2013-02-27,465.72,62.61
2013-02-28,474.56,62.56
2013-03-01,477.15,62.78
2013-03-04,468.74,60.69
2013-03-05,462.12,59.3
2013-03-06,471.09,60.82
2013-03-07,466.63,60.15
2013-03-08,470.68,61.0
2013-03-11,476.5,62.05
2013-03-12,475.34,62.22
2013-03-13,473.18,61.43
2013-03-14,474.6,61.81
2013-03-15,481.35,62.06
2013-03-18,479.13,61.26
2013-03-19,480.48,61.09
2013-03-20,487.04,61.54
2013-03-21,491.79,61.49
2013-03-22,489.99,60.93
2013-03-25,493.57,61.12
2013-03-26,489.46,60.85
2013-03-27,491.26,60.62
2013-03-28,490.67,60.31
2013-03-29,491.04,60.25
2013-04-01,505.81,61.51
2013-04-02,509.43,61.09
2013-04-03,505.93,61.38
2013-04-04,497.35,60.53
2013-04-05,502.58,61.0
2013-04-08,506.66,61.36
2013-04-09,510.49,61.37
2013-04-10,496.5,60.33
2013-04-11,504.07,61.08
2013-04-12,494.27,60.32
2013-04-15,480.02,58.87
2013-04-16,478.07,59.19
2013-04-17,483.99,58.95
2013-04-18,473.21,58.36
2013-04-22,468.43,57.61
2013-04-23,473.69,58.22
2013-04-24,472.89,58.27
2013-04-25,476.59,58.69
2013-04-26,474.51,58.36
2013-05-02,473.02,58.3
2013-05-03,475.24,59.06
2013-05-06,488.32,60.74
2013-05-07,485.58,60.54
2013-05-08,485.07,60.08
2013-05-09,486.22,60.64
2013-05-10,486.1,60.48
2013-05-13,488.93,60.66
2013-05-14,483.85,59.89
2013-05-15,485.97,60.5
2013-05-16,490.34,60.94
2013-05-17,487.6,60.45
2013-05-20,492.27,61.04
2013-05-21,500.18,61.63
2013-05-22,502.23,62.59
2013-05-23,498.22,62.08
2013-05-24,500.24,62.61
2013-05-27,512.41,63.53
2013-05-28,516.33,64.07
2013-05-29,515.09,64.46
2013-05-30,521.45,65.14
2013-05-31,518.39,64.62
2013-06-03,517.03,64.89
2013-06-04,510.69,63.79
2013-06-05,514.64,64.54
2013-06-06,520.9,65.33
2013-06-07,527.97,65.58
2013-06-10,524.56,65.6
2013-06-11,521.95,65.49
2013-06-12,518.24,65.32
2013-06-13,515.09,65.64
2013-06-14,509.03,65.63
2013-06-17,498.52,64.82
2013-06-18,498.88,64.99
2013-06-19,503.37,65.02
2013-06-20,499.51,64.53
2013-06-21,498.84,64.26
2013-06-24,489.74,63.55
2013-06-25,473.02,62.0
2013-06-26,473.53,62.24
2013-06-27,482.95,62.85
2013-06-28,481.13,62.76
2013-07-01,480.04,62.49
2013-07-02,489.84,63.2
2013-07-03,487.35,63.07
2013-07-04,487.22,63.07
2013-07-05,485.66,62.69
2013-07-08,482.77,62.34
2013-07-09,485.5,62.58
2013-07-10,484.43,62.43
2013-07-11,484.47,62.34
2013-07-12,493.99,63.12
2013-07-15,494.1,63.03
2013-07-16,496.22,63.0
2013-07-17,497.5,63.25
2013-07-18,496.84,62.97
2013-07-19,503.76,63.16
2013-07-22,506.16,62.8
2013-07-23,504.29,62.99
2013-07-24,494.18,62.19
2013-07-25,491.78,61.52
2013-07-26,493.93,61.33
2013-07-29,485.69,60.78
2013-07-30,488.54,61.59
2013-07-31,491.85,61.49
2013-08-01,492.43,61.62
2013-08-02,494.66,62.2
2013-08-05,493.66,61.89
2013-08-06,496.56,62.33
2013-08-07,500.1,62.16
2013-08-08,498.22,61.8
2013-08-09,500.62,61.69
2013-08-12,499.46,61.44
2013-08-13,497.73,61.22
2013-08-14,503.57,61.9
2013-08-15,508.22,62.32
2013-08-16,507.79,62.24
2013-08-19,511.02,62.92
2013-08-20,504.81,62.65
2013-08-21,502.7,62.37
2013-08-22,496.12,61.84
2013-08-23,486.82,61.42
2013-08-26,490.54,61.79
2013-08-27,485.57,61.41
2013-08-28,473.3,60.68
2013-08-29,468.55,60.36
2013-08-30,472.7,61.19
2013-09-03,472.17,60.64
2013-09-04,471.45,60.2
2013-09-05,477.57,60.62
2013-09-06,480.03,60.45
2013-09-09,470.16,59.66
2013-09-10,474.53,60.04
2013-09-11,476.4,60.18
2013-09-12,475.59,60.02
2013-09-13,476.42,60.18
2013-09-16,475.57,60.02
2013-09-17,477.73,59.53
2013-09-18,474.26,58.73
2013-09-19,476.09,58.99
2013-09-20,477.19,59.17
2013-09-23,479.09,59.62
2013-09-24,482.82,59.81
2013-09-25,486.22,60.26
2013-09-26,485.11,60.32
2013-09-27,486.61,60.39
2013-09-30,492.63,60.95
2013-10-01,492.24,60.92
2013-10-02,494.39,61.05
2013-10-03,492.3,61.0
2013-10-04,497.5,60.93
2013-10-07,500.47,61.38
2013-10-08,502.22,61.22
2013-10-09,500.67,61.16
2013-10-10,494.81,60.73
2013-10-11,494.53,60.63
2013-10-14,493.62,60.49
2013-10-15,495.72,60.76
2013-10-16,498.96,61.12
2013-10-17,499.59,61.35
2013-10-18,500.83,61.52
2013-10-21,501.57,61.93
2013-10-22,500.57,61.65
2013-10-23,504.05,62.12
2013-10-24,501.17,61.89
2013-10-25,500.75,61.81
2013-10-28,496.46,61.4
2013-10-29,497.08,61.5
2013-10-30,499.07,61.58
2013-10-31,497.41,61.63
2013-11-01,497.08,62.08
2013-11-04,497.07,62.43
2013-11-05,499.79,62.91
2013-11-06,502.52,63.27
2013-11-07,499.86,63.15
2013-11-08,498.61,63.29
2013-11-11,501.08,64.05
2013-11-12,497.65,63.85
2013-11-13,496.12,63.64
2013-11-14,497.85,63.7
2013-11-15,501.34,63.93
2013-11-18,506.48,64.39
2013-11-19,504.71,64.35
2013-11-20,505.52,64.61
2013-11-21,503.54,64.38
2013-11-22,505.64,64.59
2013-11-25,506.46,64.83
2013-11-26,509.16,64.9
2013-11-27,508.43,65.19
2013-11-28,507.71,65.27
2013-11-29,507.78,65.18
2013-12-02,508.53,65.13
2013-12-03,511.62,65.63
2013-12-04,510.88,66.12
2013-12-05,510.03,66.07
2013-12-06,510.12,66.09
2013-12-09,511.23,66.12
2013-12-10,511.6,66.14
2013-12-11,505.31,65.57
2013-12-12,506.92,65.96
2013-12-13,506.06,66.21
2013-12-16,502.04,66.49
2013-12-17,505.67,66.86
2013-12-18,505.25,66.94
2013-12-19,506.28,67.62
2013-12-20,504.45,67.5
2013-12-23,508.68,68.29
2013-12-24,505.62,68.11
2013-12-25,504.42,68.2
2013-12-26,506.55,68.1
2013-12-27,506.41,67.93
2013-12-30,500.35,66.95
2013-12-31,504.63,67.83
2014-01-02,504.51,67.92
2014-01-03,505.37,67.96
2014-01-06,509.1,68.82
2014-01-07,510.12,69.46
2014-01-08,513.9,69.98
2014-01-09,516.98,71.16
2014-01-10,518.94,70.76
2014-01-13,521.11,71.04
2014-01-14,522.31,71.68
2014-01-15,526.68,72.69
2014-01-16,533.54,73.07
2014-01-17,543.59,72.78
2014-01-20,553.67,72.5
2014-01-21,559.91,73.56
2014-01-22,551.92,73.41
2014-01-23,553.55,73.44
2014-01-24,560.19,73.65
2014-01-27,556.52,74.21
2014-02-06,554.68,75.04
2014-02-07,549.76,74.78
2014-02-10,555.9,75.56
2014-02-11,553.9,75.55
2014-02-12,564.25,76.74
2014-02-13,570.18,77.69
2014-02-14,572.22,78.76
2014-02-17,570.2,79.64
2014-02-18,574.56,81.04
2014-02-19,578.12,82.32
2014-02-20,571.04,79.51
2014-02-21,570.57,80.17
2014-02-24,576.58,81.66
2014-02-25,586.2,82.24
2014-02-26,589.81,82.79
2014-02-27,584.79,82.62
2014-02-28,586.48,83.11
2014-03-03,573.38,80.45
2014-03-04,569.97,80.34
2014-03-05,574.94,81.2
2014-03-06,578.56,81.8
2014-03-07,579.75,82.16
2014-03-10,583.69,82.8
2014-03-11,588.5,83.63
2014-03-12,590.02,83.16
2014-03-13,595.22,84.14
2014-03-14,596.83,84.43
2014-03-17,600.36,86.3
2014-03-18,599.85,87.59
2014-03-19,605.59,89.68
2014-03-20,600.26,89.7
2014-03-21,601.75,90.36
2014-03-24,607.55,92.98
2014-03-25,601.85,91.11
2014-03-26,588.06,89.79
2014-03-27,590.14,89.55
2014-03-28,594.29,90.03
2014-03-31,591.57,89.43
2014-04-01,583.85,86.48
2014-04-02,581.67,85.68
2014-04-03,589.44,87.62
2014-04-04,593.04,86.75
2014-04-07,600.57,87.31
2014-04-08,603.25,87.82
2014-04-10,601.33,87.64
2014-04-11,600.57,87.48
2014-04-14,596.11,86.79
2014-04-15,586.09,84.33
2014-04-16,574.29,82.61
2014-04-17,580.31,83.6
2014-04-18,565.33,80.58
2014-04-21,558.14,78.86
2014-04-22,569.87,80.85
2014-04-23,569.36,79.89
2014-04-24,570.46,79.99
2014-04-25,578.92,80.57
2014-04-28,573.1,79.65
2014-04-29,578.0,79.88
2014-05-05,564.85,77.36
2014-05-06,555.11,76.54
2014-05-07,559.97,76.55
2014-05-08,527.09,71.65
2014-05-09,542.46,74.19
2014-05-12,517.05,70.69
2014-05-13,513.91,69.39
2014-05-14,529.53,71.87
2014-05-15,524.05,70.7
2014-05-16,529.49,72.31
2014-05-19,533.04,72.64
2014-05-20,537.52,73.73
2014-05-21,543.88,75.56
2014-05-22,541.73,74.57
2014-05-23,541.49,74.57
2014-05-26,544.06,74.87
2014-05-27,552.75,76.84
2014-05-28,557.34,77.17
2014-05-29,558.45,76.38
2014-05-30,562.02,75.79
2014-06-02,556.8,74.8
2014-06-03,558.76,74.96
2014-06-04,553.46,73.9
2014-06-05,551.1,74.49
2014-06-06,559.04,75.85
2014-06-09,565.61,75.61
2014-06-10,566.89,74.95
2014-06-11,570.36,75.91
2014-06-12,573.77,76.29
2014-06-13,574.48,76.68
2014-06-16,572.37,76.42
2014-06-17,572.25,76.99
2014-06-18,570.03,76.85
2014-06-19,567.35,76.43
2014-06-20,560.78,76.31
2014-06-23,565.92,75.98
2014-06-24,569.74,76.62
2014-06-25,572.27,77.74
2014-06-26,576.4,77.34
2014-06-27,578.82,77.58
2014-06-30,578.13,77.93
2014-07-01,578.07,78.07
2014-07-02,578.8,78.89
2014-07-03,585.02,79.65
2014-07-04,589.35,79.44
2014-07-07,590.69,78.92
2014-07-08,591.47,79.35
2014-07-09,591.6,79.14
2014-07-10,584.88,78.6
2014-07-11,582.77,78.61
2014-07-14,586.23,79.48
2014-07-15,589.31,80.23
2014-07-16,589.68,80.15
2014-07-17,590.37,80.84
2014-07-18,596.26,81.14
2014-07-21,601.04,80.67
2014-07-22,597.98,80.25
2014-07-23,597.5,80.34
2014-07-24,602.06,80.41
2014-07-25,600.14,79.42
2014-07-28,589.45,77.72
2014-07-29,592.24,78.28
2014-07-30,589.33,78.27
2014-07-31,596.07,79.26
2014-08-01,593.9,79.01
2014-08-04,599.04,79.53
2014-08-05,607.73,80.12
2014-08-06,606.7,80.39
2014-08-07,607.62,80.77
2014-08-08,605.43,80.94
2014-08-11,602.13,80.59
2014-08-12,601.78,80.46
2014-08-13,602.76,81.82
2014-08-14,605.25,81.94
2014-08-15,604.24,82.23
2014-08-18,605.08,83.13
2014-08-19,604.64,82.66
2014-08-20,606.7,83.05
2014-08-21,612.94,83.0
2014-08-22,620.14,83.33
2014-08-25,625.88,84.8
2014-08-26,629.06,85.69
2014-08-27,628.77,85.89
2014-08-28,632.03,86.79
2014-08-29,636.65,87.04
2014-09-03,640.75,87.33
2014-09-04,640.22,87.5
2014-09-05,638.65,88.54
2014-09-08,639.85,89.69
2014-09-09,626.92,86.39
2014-09-10,628.8,87.85
2014-09-11,628.99,88.4
2014-09-12,632.5,89.49
2014-09-15,630.34,89.41
2014-09-16,627.66,90.15
2014-09-17,625.66,90.15
2014-09-18,615.8,88.07
2014-09-19,613.29,88.88
2014-09-22,611.93,88.22
2014-09-23,610.39,87.74
2014-09-24,603.59,87.7
2014-09-25,605.1,88.64
2014-09-26,604.98,88.55
2014-09-29,599.78,88.56
2014-09-30,598.8,88.62
2014-10-01,609.27,89.73
2014-10-02,612.66,90.25
2014-10-03,611.55,90.32
2014-10-06,614.42,90.92
2014-10-07,614.08,91.24
2014-10-08,617.26,91.21
2014-10-09,624.34,91.35
2014-10-10,617.72,90.44
2014-10-13,614.22,90.42
2014-10-14,605.79,89.52
2014-10-15,604.29,89.56
2014-10-16,587.17,87.2
2014-10-17,585.28,87.63
2014-10-20,589.24,87.27
2014-10-21,600.55,86.99
2014-10-22,601.59,88.5
2014-10-23,593.53,87.3
2014-10-24,591.51,87.04
2014-10-27,580.8,84.37
2014-10-28,583.13,85.27
2014-10-29,591.2,86.59
2014-10-30,589.14,86.79
2014-10-31,600.84,88.03
2014-11-03,603.15,88.86
2014-11-04,598.39,88.71
2014-11-05,597.01,88.67
2014-11-06,597.85,89.31
2014-11-07,602.59,89.54
2014-11-10,602.12,89.51
2014-11-11,604.23,89.86
2014-11-12,604.01,91.12
2014-11-13,603.16,91.48
2014-11-14,600.36,90.73
2014-11-17,600.93,90.87
2014-11-18,594.25,90.24
2014-11-19,588.35,89.64
2014-11-20,593.32,90.42
2014-11-21,588.03,89.13
2014-11-24,582.53,88.01
2014-11-25,585.91,88.92
2014-11-26,576.04,87.53
2014-11-27,572.89,87.99
2014-11-28,566.58,87.42
2014-12-01,568.01,87.44
2014-12-02,569.43,87.85
2014-12-03,574.88,88.56
2014-12-04,578.38,88.74
2014-12-05,578.76,88.62
2014-12-08,571.68,87.17
2014-12-09,555.31,83.85
2014-12-10,557.19,85.21
2014-12-11,550.11,84.39
2014-12-12,553.93,84.55
2014-12-15,547.93,84.24
2014-12-16,535.14,82.63
2014-12-17,518.22,80.61
2014-12-18,528.45,82.7
2014-12-19,523.09,81.31
2014-12-22,537.54,82.54
2014-12-23,537.88,82.41
2014-12-24,539.44,82.81
2014-12-25,532.01,82.04
2014-12-26,533.37,81.13
2014-12-29,532.68,79.64
2014-12-30,537.57,80.9
2014-12-31,545.63,82.98
2015-01-05,544.45,82.73
2015-01-06,549.66,83.8
2015-01-07,552.05,84.18
2015-01-08,553.47,84.1
2015-01-09,569.73,85.64
2015-01-12,574.32,84.72
2015-01-13,580.6,85.18
2015-01-14,577.01,84.86
2015-01-15,577.74,85.88
2015-01-16,574.81,85.35
2015-01-19,571.51,85.25
2015-01-20,572.22,84.99
2015-01-21,569.12,84.62
2015-01-22,574.54,85.66
2015-01-23,582.38,86.86
2015-01-26,580.64,87.01
2015-01-27,579.3,86.09
2015-01-28,583.76,87.23
2015-01-29,583.28,86.95
2015-01-30,576.07,85.56
2015-02-02,570.37,84.42
2015-02-03,557.47,82.56
2015-02-04,561.45,83.19
2015-02-05,567.17,83.17
2015-02-06,574.13,83.87
2015-02-09,573.55,83.32
2015-02-10,574.52,83.4
2015-02-11,581.76,84.46
2015-02-12,584.67,84.72
2015-02-13,587.24,85.26
2015-02-24,596.95,86.39
2015-02-25,592.66,85.66
2015-02-26,596.72,86.05
2015-02-27,592.57,85.77
2015-03-02,590.73,85.48
2015-03-03,596.72,86.23
2015-03-04,600.39,86.85
2015-03-05,596.91,86.81
2015-03-06,593.97,86.79
2015-03-09,588.44,85.89
2015-03-10,589.66,86.36
2015-03-11,586.54,86.0
2015-03-12,588.53,85.87
2015-03-13,586.1,85.71
2015-03-16,580.8,85.07
2015-03-17,581.76,85.36
2015-03-18,578.68,85.05
2015-03-19,573.74,84.59
2015-03-20,575.44,85.13
2015-03-23,570.89,83.94
2015-03-24,567.43,83.32
2015-03-25,560.93,83.14
2015-03-26,556.16,83.14
2015-03-27,551.42,82.39
2015-03-30,545.19,81.59
2015-03-31,551.13,82.27
2015-04-01,538.91,80.47
2015-04-02,546.85,81.59
2015-04-03,547.85,81.93
2015-04-06,542.97,81.65
2015-04-07,548.11,82.32
2015-04-08,547.72,81.96
2015-04-09,550.52,82.37
2015-04-10,554.03,82.98
2015-04-13,559.54,82.65
2015-04-14,558.67,82.2
2015-04-15,564.5,83.03
2015-04-16,568.28,83.4
2015-04-17,568.32,83.6
2015-04-20,565.04,83.28
2015-04-21,562.24,83.1
2015-04-22,562.51,82.89
2015-04-23,561.25,82.64
2015-04-24,565.77,82.58
2015-04-27,562.4,82.74
2015-05-04,545.08,79.95
2015-05-05,552.65,80.23
2015-05-06,549.3,79.38
2015-05-07,552.98,79.93
2015-05-08,554.51,80.29
2015-05-11,551.67,79.76
2015-05-12,544.41,79.15
2015-05-13,542.82,79.37
2015-05-14,543.69,79.54
2015-05-15,537.44,78.21
2015-05-18,528.95,76.5
2015-05-19,536.82,77.44
2015-05-20,550.1,79.34
2015-05-21,552.56,79.71
2015-05-22,561.82,79.54
2015-05-25,563.0,80.23
2015-05-26,567.2,81.7
2015-05-27,566.48,81.72
2015-05-28,572.97,83.65
2015-05-29,569.56,83.23
2015-06-01,574.98,83.89
2015-06-02,570.31,83.12
2015-06-03,567.9,83.95
2015-06-04,568.99,84.89
2015-06-05,578.07,86.7
2015-06-08,579.83,87.85
2015-06-09,574.47,87.05
2015-06-10,574.1,87.5
2015-06-11,581.05,87.72
2015-06-12,582.73,87.95
2015-06-15,586.48,88.36
2015-06-16,580.35,87.4
2015-06-17,578.87,86.48
2015-06-18,580.35,87.09
2015-06-19,584.7,87.1
2015-06-22,594.08,87.09
2015-06-23,593.07,86.75
2015-06-24,590.02,86.46
2015-06-25,587.99,86.44
2015-06-26,581.75,85.51
2015-06-29,591.75,85.48
2015-06-30,593.05,84.94
2015-07-01,591.5,85.25
2015-07-02,605.7,86.76
2015-07-03,616.43,87.7
2015-07-06,625.22,89.46
2015-07-07,630.27,89.44
2015-07-08,623.17,88.13
2015-07-09,622.1,87.92
2015-07-10,627.28,88.24
2015-07-13,634.1,88.58
2015-07-14,638.69,88.74
2015-07-15,630.89,87.65
2015-07-16,626.9,87.59
2015-07-17,628.63,87.07
2015-07-20,620.54,85.93
2015-07-21,616.61,84.91
2015-07-22,629.85,87.0
2015-07-23,632.01,86.07
2015-07-24,631.26,86.32
2015-07-27,635.46,86.5
2015-07-28,631.47,85.58
2015-07-29,624.7,85.1
2015-07-30,626.57,85.8
2015-07-31,621.06,85.13
2015-08-03,609.47,83.31
2015-08-04,600.76,83.17
2015-08-05,607.08,84.53
2015-08-06,601.04,83.79
2015-08-07,603.76,83.88
2015-08-10,614.53,84.4
2015-08-11,613.05,83.84
2015-08-12,604.24,82.75
2015-08-13,594.26,81.43
2015-08-14,589.03,80.88
2015-08-17,573.15,78.98
2015-08-18,580.22,79.59
2015-08-19,577.82,79.67
2015-08-20,566.69,78.54
2015-08-21,556.3,77.6
2015-08-24,526.93,73.09
2015-08-25,529.98,74.02
2015-08-26,545.89,76.46
2015-08-27,555.81,77.02
2015-08-28,570.87,78.26
2015-08-31,564.75,76.89
2015-09-01,562.31,77.04
2015-09-03,554.3,76.58
2015-09-04,556.81,76.32
2015-09-07,554.93,75.99
2015-09-08,566.72,77.26
2015-09-09,572.34,78.16
2015-09-10,572.07,77.78
2015-09-11,566.74,77.53
2015-09-14,562.17,76.79
2015-09-15,563.27,76.64
2015-09-16,564.13,76.69
2015-09-17,562.48,77.21
2015-09-18,566.25,77.75
2015-09-21,572.12,78.07
2015-09-22,573.2,78.35
2015-09-23,572.72,78.47
2015-09-24,570.25,78.6
2015-09-25,570.38,78.67
2015-09-28,564.88,78.15
2015-09-29,561.19,77.94
2015-09-30,562.64,77.96
2015-10-01,563.54,78.02
2015-10-02,562.31,78.24
2015-10-05,570.0,78.81
2015-10-06,581.29,80.47
2015-10-07,579.57,79.74
2015-10-08,586.78,80.44
2015-10-09,588.02,80.74
2015-10-12,592.1,80.89
2015-10-13,590.84,80.62
2015-10-14,589.98,80.74
2015-10-15,592.4,81.14
2015-10-16,593.02,81.18
2015-10-19,594.61,81.35
2015-10-20,590.45,80.96
2015-10-21,590.24,80.79
2015-10-22,595.08,81.4
2015-10-23,601.74,81.54
2015-10-26,598.61,81.47
2015-10-27,598.44,81.3
2015-10-28,596.24,81.21
2015-10-29,605.2,82.01
2015-10-30,607.37,82.22
2015-11-02,602.76,81.11
2015-11-03,611.71,81.89
2015-11-04,610.6,81.72
2015-11-05,615.18,81.85
2015-11-06,612.36,81.5
2015-11-09,610.66,81.41
2015-11-10,605.27,80.83
2015-11-11,603.53,80.53
2015-11-12,605.58,81.06
2015-11-13,611.27,81.56
2015-11-16,609.21,81.04
2015-11-17,605.05,81.13
2015-11-18,603.34,81.35
2015-11-19,601.9,81.23
2015-11-20,604.46,81.58
2015-11-23,599.99,81.94
2015-11-24,593.83,81.64
2015-11-25,595.7,82.06
2015-11-26,590.4,81.9
2015-11-27,582.86,81.49
2015-11-30,573.2,80.61
2015-12-01,570.41,80.26
2015-12-02,574.42,80.53
2015-12-03,574.38,80.07
2015-12-04,571.62,80.13
2015-12-07,563.62,79.72
2015-12-08,574.15,80.14
2015-12-09,565.2,79.6
2015-12-10,561.04,78.89
2015-12-11,563.43,79.21
2015-12-14,562.22,78.75
2015-12-15,568.0,78.9
2015-12-16,572.55,79.16
2015-12-17,577.11,79.32
2015-12-18,568.18,78.29
2015-12-21,566.9,78.72
2015-12-22,566.35,78.56
2015-12-23,564.27,78.11
2015-12-24,566.17,78.28
2015-12-25,567.67,78.09
2015-12-28,569.9,77.82
2015-12-29,576.29,78.6
2015-12-30,579.45,79.27
2015-12-31,579.03,79.95
2016-01-04,574.41,79.45
2016-01-05,569.94,78.42
2016-01-06,574.57,78.67
2016-01-07,565.36,77.15
2016-01-08,560.05,76.41
2016-01-11,557.87,76.1
2016-01-12,564.26,76.64
2016-01-13,560.37,76.65
2016-01-14,553.03,75.7
2016-01-15,543.04,75.38
2016-01-18,526.37,73.26
2016-01-19,535.77,74.29
2016-01-20,529.44,73.93
2016-01-21,521.88,73.05
2016-01-22,522.24,73.85
2016-01-25,542.35,76.35
2016-01-26,537.73,75.5
2016-01-27,542.69,76.26
2016-01-28,539.47,76.15
2016-01-29,545.25,76.87
2016-02-01,540.56,76.24
2016-02-02,536.45,75.85
2016-02-03,539.07,75.8
2016-02-04,542.15,76.31
2016-02-05,544.75,76.9
2016-02-15,543.79,76.73
2016-02-16,548.05,77.96
2016-02-17,547.05,77.46
2016-02-18,552.49,77.99
2016-02-19,554.03,77.8
2016-02-22,560.71,78.26
2016-02-23,561.28,78.19
2016-02-24,568.04,78.89
2016-02-25,562.82,78.5
2016-02-26,566.11,79.05
2016-02-29,559.37,78.73
2016-03-01,561.56,78.96
2016-03-02,570.18,79.3
2016-03-03,570.39,79.29
2016-03-04,573.65,79.64
2016-03-07,576.2,79.72
2016-03-08,574.71,79.12
2016-03-09,571.71,79.37
2016-03-10,575.91,79.88
2016-03-11,577.26,80.06
2016-03-14,577.98,80.0
2016-03-15,574.04,79.63
2016-03-16,577.07,79.99
2016-03-17,579.26,80.55
2016-03-18,575.82,80.58
2016-03-21,572.27,80.3
2016-03-22,570.91,80.36
2016-03-23,574.71,80.56
2016-03-24,570.66,80.23
2016-03-25,572.08,79.73
2016-03-28,575.72,80.43
2016-03-29,568.28,79.78
2016-03-30,569.91,79.47
2016-03-31,561.22,79.05
2016-04-01,558.43,78.46
2016-04-04,555.82,78.49
2016-04-05,560.32,78.89
2016-04-06,567.79,79.31
2016-04-07,571.6,79.69
2016-04-08,572.34,80.24
2016-04-11,579.27,80.65
2016-04-12,579.84,80.53
2016-04-13,578.02,80.23
2016-04-14,579.49,80.28
2016-04-15,579.86,80.26
2016-04-19,568.28,79.42
2016-04-20,568.03,79.36
2016-04-21,575.73,79.68
2016-04-22,592.48,80.93
2016-04-25,591.58,80.91
2016-04-26,598.48,81.01
2016-04-27,593.96,80.28
2016-04-28,591.67,80.25
2016-04-29,598.37,80.68
2016-05-04,599.07,80.66
2016-05-05,601.51,80.37
2016-05-06,606.52,80.36
2016-05-09,603.85,80.39
2016-05-10,605.05,80.2
2016-05-11,614.06,80.4
2016-05-12,612.12,81.0
2016-05-13,610.82,81.26
2016-05-16,615.78,81.74
2016-05-17,624.75,82.21
2016-05-18,622.45,82.19
2016-05-19,619.2,81.8
2016-05-20,614.81,81.74
2016-05-23,611.03,81.27
2016-05-24,611.62,81.26
2016-05-25,611.89,81.26
2016-05-26,604.34,81.06
2016-05-27,608.11,81.39
2016-05-30,614.5,81.52
2016-05-31,618.44,81.91
2016-06-01,619.86,81.92
2016-06-02,623.37,82.45
2016-06-03,621.88,82.66
2016-06-06,620.05,82.65
2016-06-07,624.65,83.19
2016-06-08,627.87,83.81
2016-06-09,631.26,84.63
2016-06-10,629.84,84.85
2016-06-13,623.58,84.3
2016-06-14,625.43,84.34
2016-06-15,627.02,84.34
2016-06-16,625.11,84.15
2016-06-17,619.25,83.91
2016-06-20,626.46,84.36
2016-06-21,628.0,84.5
2016-06-22,626.41,84.81
2016-06-23,632.27,85.32
2016-06-24,620.77,83.61
2016-06-27,621.27,83.53
2016-06-28,622.2,83.88
2016-06-29,630.12,84.74
2016-06-30,632.26,84.72
2016-07-01,640.3,85.15
2016-07-04,647.96,85.81
2016-07-05,650.88,85.91
2016-07-06,649.46,86.69
2016-07-07,661.12,88.15
2016-07-08,658.68,87.57
2016-07-11,652.26,86.02
2016-07-12,658.9,86.38
2016-07-13,675.12,87.38
2016-07-14,666.69,86.68
2016-07-15,664.56,86.62
2016-07-18,673.5,87.04
2016-07-19,667.76,86.24
2016-07-20,660.26,85.48
2016-07-21,659.57,84.63
2016-07-22,649.87,84.06
2016-07-25,649.3,84.0
2016-07-26,648.59,83.52
2016-07-27,656.11,83.69
2016-07-28,657.14,83.51
2016-07-29,652.23,83.71
2016-08-01,648.38,83.21
2016-08-02,636.05,81.74
2016-08-03,631.61,81.24
2016-08-04,631.94,81.15
2016-08-05,627.39,81.07
2016-08-08,629.46,80.99
2016-08-09,637.34,81.67
2016-08-10,648.33,82.26
2016-08-11,660.24,83.24
2016-08-12,655.71,83.12
2016-08-15,659.47,83.16
2016-08-16,658.11,83.44
2016-08-17,660.51,83.76
2016-08-18,660.65,83.71
2016-08-19,662.28,83.1
2016-08-22,657.68,82.67
2016-08-23,659.16,83.11
2016-08-24,660.77,83.12
2016-08-25,658.5,83.31
2016-08-26,667.75,83.93
2016-08-29,669.44,83.2
2016-08-30,672.67,83.68
2016-08-31,674.63,84.37
2016-09-01,669.19,84.04
2016-09-05,664.55,84.16
2016-09-06,663.9,84.35
2016-09-07,661.28,84.21
2016-09-08,666.07,84.68
2016-09-09,666.88,84.47
2016-09-12,659.76,83.68
2016-09-13,659.72,83.85
2016-09-14,656.64,83.37
2016-09-15,656.18,82.91
2016-09-16,651.31,82.35
2016-09-19,657.89,82.74
2016-09-20,663.37,82.9
2016-09-21,668.48,83.24
2016-09-22,671.38,83.3
2016-09-23,674.09,83.32
2016-09-26,677.04,83.1
2016-09-27,684.89,83.48
2016-09-28,686.72,84.32
2016-09-29,688.55,85.07
2016-09-30,685.73,84.99
2016-10-03,683.05,85.34
2016-10-04,684.2,85.06
2016-10-05,687.04,85.52
2016-10-06,687.32,85.96
2016-10-07,683.95,85.29
2016-10-10,674.19,84.58
2016-10-11,682.36,84.54
2016-10-12,682.45,84.89
2016-10-13,685.23,85.33
2016-10-14,687.0,85.45
2016-10-17,680.95,84.96
2016-10-18,682.02,84.99
2016-10-19,688.89,85.53
2016-10-20,686.39,85.08
2016-10-21,684.83,84.19
2016-10-24,678.02,82.87
2016-10-25,676.18,82.81
2016-10-26,673.61,82.26
2016-10-27,676.9,82.69
2016-10-28,682.25,83.04
2016-10-31,675.8,82.25
2016-11-01,676.6,82.31
2016-11-02,671.4,81.31
2016-11-03,667.63,80.66
2016-11-04,666.73,80.46
2016-11-07,674.14,81.09
2016-11-08,676.46,81.25
2016-11-09,670.26,80.11
2016-11-10,678.17,81.37
2016-11-11,679.2,81.19
2016-11-14,673.05,80.91
2016-11-15,674.26,81.12
2016-11-16,674.6,81.13
2016-11-17,674.57,80.93
2016-11-18,673.25,80.62
2016-11-21,674.29,80.75
2016-11-22,681.91,81.03
2016-11-23,683.16,81.4
2016-11-24,678.18,81.18
2016-11-25,675.87,80.99
2016-11-28,665.29,80.11
2016-11-29,658.26,80.0
2016-11-30,665.07,80.63
2016-12-01,666.54,81.54
2016-12-02,665.14,81.17
2016-12-05,660.21,80.47
2016-12-06,651.49,79.33
2016-12-07,653.53,79.4
2016-12-08,658.89,79.36
2016-12-09,663.07,79.61
2016-12-12,659.7,78.78
2016-12-13,654.66,77.87
2016-12-14,665.14,78.56
2016-12-15,665.92,78.85
2016-12-16,675.16,79.71
2016-12-19,674.33,79.93
2016-12-20,662.66,79.76
2016-12-21,666.94,80.24
2016-12-22,664.15,79.79
2016-12-23,664.37,79.07
2016-12-26,662.45,79.25
2016-12-27,663.86,78.86
2016-12-28,663.5,79.03
2016-12-29,664.72,79.56
2016-12-30,664.87,80.11
2017-01-03,672.01,81.4
2017-01-04,674.7,81.53
2017-01-05,675.81,81.32
2017-01-06,679.8,82.09
2017-01-09,682.57,82.7
2017-01-10,681.07,83.05
2017-01-11,687.16,83.48
2017-01-12,686.96,83.28
2017-01-13,685.06,83.33
2017-01-16,677.94,83.05
2017-01-17,684.71,83.93
2017-01-18,683.28,83.3
2017-01-19,682.31,82.88
2017-01-20,686.26,83.24
2017-01-23,687.15,83.01
2017-01-24,691.36,83.74
2017-01-25,697.28,84.45
2017-02-02,703.18,84.63
2017-02-03,700.35,85.03
2017-02-06,700.04,84.96
2017-02-07,701.91,85.22
2017-02-08,702.04,85.28
2017-02-09,700.65,85.64
2017-02-10,703.78,86.03
2017-02-13,705.9,86.42
2017-02-14,706.26,86.19
2017-02-15,711.57,86.31
2017-02-16,709.35,85.64
2017-02-17,707.83,85.88
2017-02-20,710.59,86.53
2017-02-21,716.55,86.85
2017-02-22,717.24,86.61
2017-02-23,716.87,86.26
2017-02-24,714.47,86.31
2017-02-27,717.44,86.86
2017-02-28,710.79,86.83
2017-03-01,709.52,86.61
2017-03-02,707.51,86.6
2017-03-03,712.62,86.65
2017-03-06,716.29,86.55
2017-03-07,716.54,86.69
2017-03-08,716.6,87.53
2017-03-09,715.8,87.71
2017-03-10,712.21,88.13
2017-03-13,710.17,87.01
2017-03-14,714.71,87.16
2017-03-15,713.14,87.45
2017-03-16,714.92,87.96
2017-03-17,710.54,88.37
2017-03-20,715.07,89.02
2017-03-21,716.18,90.12
2017-03-22,712.94,89.76
2017-03-23,719.56,89.89
2017-03-24,722.14,91.37
2017-03-27,723.52,91.38
2017-03-28,719.26,90.54
2017-03-29,720.47,90.66
2017-03-30,723.86,91.12
2017-03-31,722.31,90.81
2017-04-03,722.38,90.91
2017-04-04,724.14,91.16
2017-04-05,723.22,90.7
2017-04-07,727.95,90.14
2017-04-10,729.87,90.43
2017-04-11,731.33,90.63
2017-04-12,725.58,89.91
2017-04-13,724.35,90.02
2017-04-14,718.45,89.63
2017-04-17,710.83,88.29
2017-04-18,714.93,89.12
2017-04-19,716.77,89.11
2017-04-20,712.66,88.46
2017-04-21,712.41,88.87
2017-04-24,709.39,88.41
2017-04-25,707.58,87.85
2017-04-26,710.04,88.55
2017-04-27,716.53,89.31
2017-04-28,717.73,89.53
2017-05-03,719.54,89.82
2017-05-04,722.02,89.52
2017-05-05,720.0,89.71
2017-05-08,718.86,89.13
2017-05-09,722.11,90.37
2017-05-10,724.31,90.16
2017-05-11,724.99,89.9
2017-05-12,725.37,90.38
2017-05-15,725.35,91.1
2017-05-16,725.03,91.28
2017-05-17,727.2,91.9
2017-05-18,726.99,91.46
2017-05-19,733.82,92.17
2017-05-22,744.1,92.71
2017-05-23,740.93,91.89
2017-05-24,742.74,92.96
2017-05-25,741.91,93.46
2017-05-26,743.41,93.68
2017-05-29,746.25,93.8
2017-05-30,738.21,93.24
2017-05-31,737.82,93.91
2017-06-01,741.8,93.99
2017-06-02,738.81,94.36
2017-06-05,743.49,94.92
2017-06-06,751.31,95.74
2017-06-07,753.46,97.46
2017-06-08,750.13,97.25
2017-06-09,749.72,97.36
2017-06-12,751.09,96.83
2017-06-13,756.89,97.31
2017-06-14,760.77,97.88
2017-06-15,760.57,97.77
2017-06-16,761.24,98.31
2017-06-19,766.83,99.41
2017-06-20,767.99,99.79
2017-06-21,767.41,98.67
2017-06-22,766.3,98.6
2017-06-23,769.01,98.27
2017-06-26,772.52,98.72
2017-06-27,767.51,98.01
2017-06-28,769.04,98.34
2017-06-29,771.75,98.79
2017-06-30,776.47,99.13
2017-07-03,778.88,100.32
2017-07-04,775.54,100.47
2017-07-05,778.32,101.92
2017-07-06,782.65,102.6
2017-07-07,775.73,101.57
2017-07-10,766.56,100.37
2017-07-11,769.36,100.41
2017-07-12,774.17,100.55
2017-07-13,778.3,100.76
2017-07-14,777.6,100.42
2017-07-17,768.91,98.63
2017-07-18,767.49,98.6
2017-07-19,771.3,98.8
2017-07-20,768.41,98.65
2017-07-21,761.86,97.95
2017-07-24,759.74,96.92
2017-07-25,767.27,97.81
2017-07-26,773.88,99.43
2017-07-27,771.5,99.62
2017-07-28,777.09,100.55
2017-07-31,783.55,101.18
2017-08-01,786.81,101.32
2017-08-02,786.23,100.97
2017-08-03,788.49,101.43
2017-08-04,788.68,101.93
2017-08-07,792.98,102.4
2017-08-08,791.57,102.28
2017-08-09,773.66,101.06
2017-08-10,773.43,100.97
2017-08-11,772.08,100.85
2017-08-14,776.17,101.5
2017-08-15,771.06,101.3
2017-08-16,773.57,101.74
2017-08-17,767.59,100.49
2017-08-18,768.97,100.83
2017-08-21,768.79,101.13
2017-08-22,761.26,100.87
2017-08-23,765.98,101.27
2017-08-24,769.77,102.28
2017-08-25,771.63,102.63
2017-08-28,777.26,103.9
2017-08-29,774.03,103.51
2017-08-30,778.65,103.33
2017-08-31,782.76,103.88
2017-09-01,788.73,103.8
2017-09-05,792.31,104.38
2017-09-06,793.55,104.5
2017-09-07,796.72,104.61
2017-09-08,801.2,103.91
2017-09-11,797.47,102.88
2017-09-12,799.94,103.72
2017-09-13,802.78,104.43
2017-09-14,806.32,104.38
2017-09-15,805.82,104.48
2017-09-18,807.87,105.13
2017-09-19,805.93,104.72
2017-09-20,805.86,105.17
2017-09-21,803.93,105.75
2017-09-22,807.13,106.51
2017-09-25,805.58,107.33
2017-09-26,805.35,107.9
2017-09-27,803.77,107.51
2017-09-28,804.82,107.42
2017-09-29,804.42,107.65
2017-10-02,802.23,107.51
2017-10-03,798.0,106.53
2017-10-04,805.66,107.43
2017-10-05,805.23,106.96
2017-10-06,807.8,107.97
2017-10-09,808.96,108.74
2017-10-10,810.65,108.56
2017-10-11,813.95,108.65
2017-10-12,815.87,108.37
2017-10-13,820.95,109.1
2017-10-16,819.43,109.3
2017-10-17,828.29,109.84
2017-10-18,827.72,109.42
2017-10-19,828.93,109.08
2017-10-20,826.84,108.14
2017-10-23,820.04,106.24
2017-10-24,825.24,106.68
2017-10-25,830.69,107.4
2017-10-26,830.11,106.31
2017-10-27,840.37,106.45
2017-10-30,845.2,105.97
2017-10-31,837.28,105.15
2017-11-01,842.71,104.97
2017-11-02,833.09,103.42
2017-11-03,843.73,104.36
2017-11-06,849.09,105.09
2017-11-07,850.33,104.82
2017-11-08,859.7,105.73
2017-11-09,860.4,105.86
2017-11-10,868.21,106.37
2017-11-13,879.34,106.78
2017-11-14,880.9,107.06
2017-11-15,882.59,107.48
2017-11-16,892.8,108.29
2017-11-17,890.69,108.31
2017-11-20,903.55,108.11
2017-11-21,918.3,108.02
2017-11-22,932.66,109.28
2017-11-23,933.7,110.17
2017-11-24,935.57,110.82
2017-11-27,938.61,112.02
2017-11-28,941.21,111.49
2017-11-29,952.14,113.94
2017-11-30,949.93,114.72
2017-12-01,960.33,115.49
2017-12-04,970.02,116.7
2017-12-05,953.3,113.22
2017-12-06,947.64,113.36
2017-12-07,938.65,114.52
2017-12-08,940.16,113.8
2017-12-11,917.45,111.78
2017-12-12,927.25,110.9
2017-12-13,924.4,110.44
2017-12-14,935.85,111.46
2017-12-15,935.16,111.61
2017-12-18,958.06,113.71
2017-12-19,951.42,113.35
2017-12-20,953.51,113.94
2017-12-21,946.06,113.56
2017-12-22,952.32,113.03
2017-12-25,958.31,113.23
2017-12-26,965.93,114.05
2017-12-27,968.46,115.57
2017-12-28,976.72,116.4
2017-12-29,984.24,116.86
2018-01-02,995.77,118.86
2018-01-03,1005.67,119.18
2018-01-04,1019.75,119.49
2018-01-05,1012.65,118.91
2018-01-08,1022.9,121.07
2018-01-09,1033.5601,122.14
2018-01-10,1038.11,121.92
2018-01-11,1048.17,122.84
2018-01-12,1050.11,120.75
2018-01-15,1063.47,122.03
2018-01-16,1062.96,121.59
2018-01-17,1034.6899,120.42
2018-01-18,1050.25,121.89
2018-01-19,1062.0699,122.39
2018-01-22,1087.42,123.88
2018-01-25,1104.5699,126.62
2018-01-26,1115.64,126.82
2018-01-29,1109.8,127.35
2018-01-30,1110.5601,127.36
2018-01-31,1110.36,125.89
2018-02-01,1099.67,123.15
2018-02-02,1105.04,123.97
2018-02-05,1048.71,118.94
2018-02-06,1011.6,115.63
2018-02-07,1040.55,119.62
2018-02-08,1023.25,116.93
2018-02-09,1003.94,117.49
2018-02-12,1041.79,122.01
2018-02-13,1059.73,124.3
2018-02-21,1087.15,125.85
2018-02-22,1076.03,124.69
2018-02-23,1102.85,126.24
2018-02-26,1114.53,126.18
2018-02-27,1119.61,127.28
2018-02-28,1121.54,128.04
2018-03-01,1115.79,127.09
2018-03-02,1121.21,128.25
2018-03-05,1093.48,125.51
2018-03-06,1120.29,127.33
2018-03-07,1112.26,125.6
2018-03-08,1124.15,126.14
2018-03-09,1123.41,127.57
2018-03-12,1126.29,129.06
2018-03-13,1133.3101,129.66
2018-03-14,1138.09,130.42
2018-03-15,1138.76,131.28
2018-03-16,1150.1899,133.09
2018-03-19,1159.22,134.09
2018-03-20,1159.39,135.28
2018-03-21,1169.36,134.96
2018-03-22,1172.36,134.04
2018-03-23,1153.59,131.87
2018-03-26,1171.22,133.66
2018-03-27,1171.73,133.28
2018-03-28,1172.24,132.55
2018-03-29,1167.03,131.87
2018-03-30,1174.46,132.45
2018-04-02,1196.61,135.4
2018-04-03,1188.29,135.62
2018-04-04,1191.54,135.32
2018-04-05,1193.17,136.75
2018-04-06,1199.96,138.01
2018-04-09,1204.33,137.78
2018-04-10,1198.12,136.68
2018-04-11,1167.11,133.74
2018-04-12,1173.02,135.63
2018-04-13,1157.14,133.33
2018-04-16,1148.49,133.3
2018-04-17,1153.28,134.24
2018-04-18,1138.53,132.77
2018-04-19,1094.63,131.05
2018-04-20,1119.86,132.57
2018-04-23,1076.78,126.13
2018-04-24,1080.74,126.3
2018-04-26,1044.86,120.11
2018-04-27,1050.26,122.64
2018-05-02,1029.08,120.97
2018-05-03,1026.46,122.5
2018-05-04,1026.8,122.57
2018-05-07,1062.26,126.54
2018-05-08,1060.45,125.32
2018-05-09,1056.97,123.85
2018-05-10,1028.87,120.95
2018-05-11,1044.85,122.76
2018-05-14,1066.98,123.27
2018-05-15,1073.5,123.65
2018-05-16,1054.62,121.48
2018-05-17,1030.64,121.49
2018-05-18,1040.54,121.26
2018-05-21,1014.98,119.65
2018-05-22,985.91,116.71
2018-05-23,988.94,118.1
2018-05-24,985.92,117.06
2018-05-25,963.9,114.48
2018-05-28,931.75,107.37
2018-05-29,952.18,112.88
2018-05-30,948.5,111.69
2018-05-31,971.25,114.91
2018-06-01,992.87,115.74
2018-06-04,1013.78,118.31
2018-06-05,1022.74,118.18
2018-06-06,1034.5,120.41
2018-06-07,1036.6899,118.99
2018-06-08,1039.01,119.85
2018-06-11,1039.02,118.45
2018-06-12,1020.76,116.48
2018-06-13,1030.53,116.66
2018-06-14,1015.72,114.91
2018-06-15,1016.51,115.9
2018-06-18,987.34,113.04
2018-06-19,962.16,110.57
2018-06-20,980.95,112.1
2018-06-21,969.4,110.16
2018-06-22,983.17,111.98
2018-06-25,990.52,111.99
2018-06-26,983.02,110.92
2018-06-27,968.91,109.66
2018-06-28,957.35,107.05
2018-06-29,960.78,106.16
2018-07-02,947.15,102.76
2018-07-03,906.01,98.79
2018-07-04,914.99,99.99
2018-07-05,899.4,96.38
2018-07-06,917.51,100.69
2018-07-09,915.12,100.75
2018-07-10,911.12,101.62
2018-07-11,893.16,98.52
2018-07-12,898.51,100.43
2018-07-13,909.72,102.51
2018-07-16,911.11,103.12
2018-07-17,921.27,104.82
2018-07-18,942.39,106.92
2018-07-19,943.97,105.58
2018-07-20,933.39,107.61
2018-07-23,936.74,106.3
2018-07-24,934.08,105.54
2018-07-25,927.58,103.58
2018-07-26,930.16,104.58
2018-07-27,935.52,105.7
2018-07-30,949.73,106.75
2018-07-31,956.39,106.15
2018-08-01,952.77,105.56
2018-08-02,953.55,105.65
2018-08-03,959.6,106.24
2018-08-06,960.23,105.59
2018-08-07,956.79,105.71
2018-08-08,966.27,107.66
2018-08-09,963.5,107.79
2018-08-10,968.47,108.41
2018-08-13,978.04,110.46
2018-08-14,978.27,109.78
2018-08-15,961.37,108.02
2018-08-16,964.28,107.91
2018-08-17,968.88,108.02
2018-08-20,969.62,108.06
2018-08-21,979.21,110.02
2018-08-22,982.15,109.98
2018-08-23,987.36,110.51
2018-08-24,987.05,111.61
2018-08-27,991.92,111.61
2018-08-28,995.19,112.23
2018-08-29,988.17,112.78
2018-08-30,998.07,113.58
2018-08-31,989.54,112.79
2018-09-04,975.94,111.22
2018-09-05,968.44,110.46
2018-09-06,958.19,110.47
2018-09-07,968.9,111.7
2018-09-10,970.34,110.69
2018-09-11,985.06,111.42
2018-09-12,987.01,111.64
2018-09-13,987.95,112.66
2018-09-14,991.34,113.36
2018-09-17,987.61,112.76
2018-09-18,993.49,113.59
2018-09-19,995.54,114.2
2018-09-20,1004.74,115.05
2018-09-21,1002.97,115.79
2018-09-24,1011.29,115.58
2018-09-25,1010.74,115.52
2018-09-26,1009.61,115.57
2018-09-27,1015.37,116.08
2018-09-28,1017.13,116.27
2018-10-01,1012.88,115.52
2018-10-02,1018.79,115.0
2018-10-03,1020.4,115.29
2018-10-04,1023.62,116.27
2018-10-05,1008.39,114.67
2018-10-08,996.12,114.38
2018-10-09,996.19,114.29
2018-10-10,993.96,113.76
2018-10-11,945.89,107.17
2018-10-12,970.08,109.75
2018-10-15,951.64,107.67
2018-10-16,963.37,108.59
2018-10-17,971.6,109.39
2018-10-18,963.47,107.91
2018-10-19,958.36,108.09
2018-10-22,953.51,107.54
2018-10-23,939.68,105.06
2018-10-24,922.73,103.73
2018-10-25,910.17,103.09
2018-10-26,900.82,101.79
2018-10-29,888.82,101.17
2018-10-30,888.69,101.72
2018-10-31,914.76,105.35
2018-11-01,907.96,103.36
2018-11-02,924.86,105.75
2018-11-05,925.53,105.53
2018-11-06,922.05,104.55
2018-11-07,922.16,104.19
2018-11-08,926.28,104.53
2018-11-09,914.29,103.01
2018-11-12,918.12,103.36
2018-11-13,905.38,102.47
2018-11-14,900.93,101.19
2018-11-15,897.15,101.01
2018-11-16,898.19,103.01
2018-11-19,916.06,103.94
2018-11-20,919.02,103.9
2018-11-21,922.56,103.89
2018-11-22,924.42,104.55
2018-11-23,917.97,104.27
2018-11-26,921.03,103.97
2018-11-27,923.12,103.18
2018-11-28,930.2,104.09
2018-11-29,926.79,104.17
2018-11-30,926.54,104.82
2018-12-03,951.59,107.63
2018-12-04,958.84,107.38
2018-12-05,957.14,107.74
2018-12-06,954.82,107.09
2018-12-07,958.59,107.13
2018-12-10,955.89,106.81
2018-12-11,954.58,106.58
2018-12-12,961.28,107.67
2018-12-13,960.25,107.3
2018-12-14,952.04,106.65
2018-12-17,933.65,105.0
2018-12-18,927.25,104.42
2018-12-19,919.24,104.16
2018-12-20,918.24,104.52
2018-12-21,912.26,104.44
2018-12-24,908.56,103.34
2018-12-25,897.94,102.43
2018-12-26,891.75,102.27
2018-12-27,900.81,103.98
2018-12-28,892.54,104.23
2019-01-02,891.75,102.67
2019-01-03,878.22,100.52
2019-01-04,880.9,100.84
2019-01-07,889.64,101.92
2019-01-08,887.44,101.26
2019-01-09,896.99,102.13
2019-01-10,898.3,101.77
2019-01-11,902.71,101.86
2019-01-14,901.8,101.57
2019-01-15,909.68,102.58
2019-01-16,908.7,101.98
2019-01-17,901.89,101.92
2019-01-18,902.3,101.55
2019-01-21,911.05,103.36
2019-01-22,906.55,102.53
2019-01-23,908.18,102.67
2019-01-24,908.79,102.78
2019-01-25,908.88,102.74
2019-01-28,912.18,102.31
2019-01-29,915.93,102.36
2019-01-30,915.84,102.8
2019-01-31,910.65,102.87
2019-02-01,908.67,103.33
2019-02-11,926.1,105.24
2019-02-12,937.54,106.04
2019-02-13,945.25,106.49
2019-02-14,952.34,106.11
2019-02-15,950.89,106.11
2019-02-18,961.3,106.83
2019-02-19,964.35,106.2
2019-02-20,970.58,106.3
2019-02-21,987.57,106.11
2019-02-22,988.91,106.81
2019-02-25,994.43,107.61
2019-02-26,987.06,107.66
2019-02-27,990.27,107.63
2019-02-28,965.47,105.86
2019-03-01,979.63,107.25
2019-03-04,993.99,108.52
2019-03-05,992.45,108.24
2019-03-06,994.49,108.47
2019-03-07,994.03,108.87
2019-03-08,985.25,108.22
2019-03-11,984.6,108.31
2019-03-12,1001.32,109.55
2019-03-13,1005.41,109.82
2019-03-14,1008.44,110.01
2019-03-15,1004.12,110.44
2019-03-18,1011.86,110.88
2019-03-19,1006.59,110.05
2019-03-20,1002.3,109.61
2019-03-21,981.78,107.81
2019-03-22,988.71,108.08
2019-03-25,970.07,106.4
2019-03-26,969.79,106.84
2019-03-27,975.91,107.55
2019-03-28,982.98,107.33
2019-03-29,980.76,107.43
2019-04-01,988.53,107.72
2019-04-02,985.81,107.48
2019-04-03,984.46,107.29
2019-04-04,986.91,107.41
2019-04-05,989.26,107.87
2019-04-08,997.56,108.92
2019-04-09,988.48,107.7
2019-04-10,981.91,107.43
2019-04-11,985.95,107.57
2019-04-12,982.9,107.7
2019-04-16,977.17,107.11
2019-04-17,972.1,106.42
2019-04-18,962.3,105.75
2019-04-19,966.21,105.87
2019-04-22,965.86,105.63
2019-04-23,968.0,106.28
2019-04-24,976.92,107.14
2019-04-25,974.13,106.93
2019-04-26,979.64,107.46
2019-05-02,978.5,107.0
2019-05-03,974.14,106.87
2019-05-06,957.97,105.41
2019-05-07,957.56,105.82
2019-05-08,951.22,105.9
2019-05-09,947.01,105.25
2019-05-10,952.55,105.85
2019-05-13,958.54,105.61
2019-05-14,965.34,105.69
2019-05-15,975.64,106.43
2019-05-16,975.69,106.08
2019-05-17,976.48,105.78
2019-05-20,987.13,106.31
2019-05-21,986.29,106.28
2019-05-22,983.78,106.12
2019-05-23,982.71,106.29
2019-05-24,970.03,105.38
2019-05-27,975.14,105.04
2019-05-28,972.0,105.03
2019-05-29,971.54,105.32
2019-05-30,969.34,105.32
2019-05-31,959.88,104.35
2019-06-03,946.47,103.28
2019-06-04,951.16,103.06
2019-06-05,951.41,103.54
2019-06-06,948.21,103.03
2019-06-07,958.28,104.21
2019-06-10,962.9,103.99
2019-06-11,962.07,103.95
2019-06-12,954.17,103.56
2019-06-13,950.08,103.5
2019-06-14,953.61,103.46
2019-06-17,946.95,103.5
2019-06-18,944.01,103.75
2019-06-19,949.69,103.77
2019-06-20,959.18,105.06
2019-06-21,959.2,104.85
2019-06-24,962.85,104.78
2019-06-25,960.13,104.15
2019-06-26,959.13,103.95
2019-06-27,943.11,102.96
2019-06-28,949.94,103.51
2019-07-01,965.61,104.09
2019-07-02,961.98,103.46
2019-07-03,960.39,103.67
2019-07-04,973.04,104.34
2019-07-05,975.34,104.38
2019-07-08,966.35,103.81
2019-07-09,969.05,105.1
2019-07-10,973.65,105.14
2019-07-11,978.63,106.01
2019-07-12,975.4,105.86
2019-07-15,972.53,105.61
2019-07-16,982.11,105.85
2019-07-17,982.57,106.58
2019-07-18,976.05,106.74
2019-07-19,982.34,107.07
2019-07-22,982.04,106.76
2019-07-23,989.46,106.71
2019-07-24,988.41,106.44
2019-07-25,994.95,106.76
2019-07-26,993.35,106.4
2019-07-29,997.94,105.29
2019-07-30,986.02,104.43
2019-07-31,991.66,104.43
2019-08-01,997.39,103.88
2019-08-02,991.1,103.7
2019-08-05,973.15,102.91
2019-08-06,964.61,101.89
2019-08-07,965.93,101.89
2019-08-08,975.24,102.9
2019-08-09,974.34,102.79
2019-08-12,975.31,102.82
2019-08-13,966.83,102.29
2019-08-14,968.91,101.98
2019-08-15,979.38,101.66
2019-08-16,980.0,102.35
2019-08-19,981.03,102.58
2019-08-20,984.67,102.98
2019-08-21,994.38,103.01
2019-08-22,997.26,103.5
2019-08-23,992.45,103.25
2019-08-26,982.88,102.81
2019-08-27,976.79,102.86
2019-08-28,977.26,102.32
2019-08-29,978.59,101.94
2019-08-30,984.06,102.32
2019-09-03,979.36,101.4
2019-09-04,977.63,100.95
2019-09-05,976.79,100.96
2019-09-06,974.08,100.92
2019-09-09,974.12,100.85
2019-09-10,970.26,99.97
2019-09-11,969.31,100.17
2019-09-12,976.07,101.11
2019-09-13,987.22,102.2
2019-09-16,989.86,102.21
2019-09-17,996.74,102.23
2019-09-18,995.15,102.29
2019-09-19,997.1,104.04
2019-09-20,990.36,104.14
2019-09-23,985.75,104.38
2019-09-24,988.13,104.01
2019-09-25,987.3,103.81
2019-09-26,990.75,104.77
2019-09-27,997.84,104.77
2019-09-30,996.56,105.05
2019-10-01,999.59,105.85
2019-10-02,991.19,105.27
2019-10-03,992.45,105.21
2019-10-04,987.59,105.16
2019-10-07,983.09,103.73
2019-10-08,988.22,103.92
2019-10-09,987.83,104.62
2019-10-10,987.38,105.16
2019-10-11,991.84,105.26
2019-10-14,993.57,106.05
2019-10-15,993.05,106.01
2019-10-16,994.46,105.93
2019-10-17,989.82,106.07
2019-10-18,989.2,105.48
2019-10-21,983.56,104.01
2019-10-22,987.19,104.49
2019-10-23,987.79,104.14
2019-10-24,993.6,104.64
2019-10-25,996.57,104.71
2019-10-28,996.48,105.04
2019-10-29,995.87,104.68
2019-10-30,1000.89,105.89
2019-10-31,998.82,105.19
2019-11-01,1015.59,105.75
2019-11-04,1022.43,106.6
2019-11-05,1024.34,106.71
2019-11-06,1024.91,106.75
2019-11-07,1024.03,106.88
2019-11-08,1022.49,107.27
2019-11-11,1016.75,106.76
2019-11-12,1018.33,106.96
2019-11-13,1012.77,107.2
2019-11-14,1012.3,106.24
2019-11-15,1010.03,106.03
2019-11-18,1002.91,105.15
2019-11-19,1008.35,105.49
2019-11-20,1000.56,104.91
2019-11-21,987.89,104.74
2019-11-22,977.78,103.09
2019-11-25,976.35,103.46
2019-11-26,976.79,103.99
2019-11-27,978.17,103.23
2019-11-28,970.39,102.34
2019-11-29,970.75,102.5
2019-12-02,959.31,100.9
2019-12-03,953.43,101.07
2019-12-04,965.9,102.47
2019-12-05,963.27,102.37
2019-12-06,963.56,102.5
2019-12-09,966.06,102.36
2019-12-10,960.3,102.04
2019-12-11,961.78,102.38
2019-12-12,968.17,102.71
2019-12-13,966.18,102.94
2019-12-16,961.47,103.22
2019-12-17,954.03,102.9
2019-12-18,951.13,101.8
2019-12-19,952.26,102.0
2019-12-20,956.41,102.42
2019-12-23,959.43,102.35
2019-12-24,958.88,102.45
2019-12-25,960.92,102.93
2019-12-26,958.59,102.32
2019-12-27,963.51,102.6
2019-12-30,965.03,102.16
2019-12-31,960.99,102.51
2020-01-02,966.67,102.99
2020-01-03,965.14,102.39
2020-01-06,955.79,101.23
2020-01-07,958.88,101.42
2020-01-08,948.98,100.33
2020-01-09,960.15,101.25
2020-01-10,968.54,102.22
2020-01-13,965.84,102.3
2020-01-14,967.0,103.36
2020-01-15,967.56,103.19
2020-01-16,974.31,104.32
2020-01-17,978.96,103.88
2020-01-20,978.63,104.64
2020-01-21,986.37,105.59
2020-01-22,991.46,106.28
2020-01-30,959.58,104.11
2020-01-31,936.62,102.36
2020-02-03,928.14,101.31
2020-02-04,929.09,102.57
2020-02-05,925.91,103.19
2020-02-06,938.54,105.84
2020-02-07,940.75,104.92
2020-02-10,930.73,103.97
2020-02-11,934.67,104.78
2020-02-12,937.68,108.51
2020-02-13,938.24,108.19
2020-02-14,937.45,109.74
2020-02-17,934.77,109.57
2020-02-18,927.93,110.07
2020-02-19,928.76,109.3
2020-02-20,938.13,109.57
2020-02-21,933.09,108.09
2020-02-24,903.34,104.18
2020-02-25,909.67,106.66
2020-02-26,895.97,106.61
2020-02-27,898.44,109.26
2020-02-28,882.19,109.58
2020-03-02,884.43,110.67
2020-03-03,890.61,112.58
2020-03-04,889.37,114.02
2020-03-05,893.31,115.03
2020-03-06,891.44,113.66
2020-03-09,835.49,106.34
2020-03-10,837.5,106.2
2020-03-11,811.35,105.52
2020-03-12,769.25,101.92
2020-03-13,761.78,101.38
2020-03-16,747.86,99.62
2020-03-17,745.78,100.72
2020-03-18,747.66,101.84
2020-03-19,725.94,100.99
2020-03-20,709.73,101.79
2020-03-23,666.59,96.46
2020-03-24,659.21,96.95
2020-03-25,690.25,100.09
2020-03-26,694.21,97.81
2020-03-27,696.06,97.35
2020-03-30,662.26,93.28
2020-03-31,662.53,92.64
2020-04-01,680.23,95.61
2020-04-03,701.8,97.84
2020-04-06,736.75,103.26
2020-04-07,746.69,103.43
2020-04-08,748.02,103.93
2020-04-09,760.33,105.08
2020-04-10,757.94,106.18
2020-04-13,765.79,107.16
2020-04-14,767.41,107.15
2020-04-15,777.22,108.33
2020-04-16,780.7,108.75
2020-04-17,789.6,110.46
2020-04-20,794.97,109.68
2020-04-21,766.84,104.7
2020-04-22,768.92,106.8
2020-04-23,773.91,106.97
2020-04-24,776.66,106.97
2020-04-27,770.77,106.3
2020-04-28,767.21,106.26
2020-04-29,769.11,106.84
2020-05-04,762.47,105.72
2020-05-05,764.16,105.41
2020-05-06,782.59,106.66
2020-05-07,796.54,108.31
2020-05-08,813.73,110.02
2020-05-11,828.33,111.57
2020-05-12,835.32,111.78
2020-05-13,834.21,111.86
2020-05-14,832.4,111.34
2020-05-15,827.03,109.02
2020-05-18,837.01,108.54
2020-05-19,845.92,108.83
2020-05-20,852.91,106.94
2020-05-21,862.73,105.74
2020-05-22,852.74,107.04
2020-05-25,859.04,109.15
2020-05-26,869.13,110.49
2020-05-27,857.48,108.89
2020-05-28,861.39,109.64
2020-05-29,864.47,109.81
2020-06-01,878.67,114.14
2020-06-02,874.8,113.64
2020-06-03,881.17,116.49
2020-06-04,883.9,117.42
2020-06-05,886.22,118.08
2020-06-08,899.92,120.1
2020-06-09,899.43,120.13
2020-06-10,900.0,120.68
2020-06-11,867.37,116.06
2020-06-12,863.52,116.91
2020-06-15,832.47,113.82
2020-06-16,856.13,115.49
2020-06-17,854.44,113.27
2020-06-18,855.27,112.74
2020-06-19,868.56,115.36
2020-06-22,871.28,114.72
2020-06-23,868.2,114.63
2020-06-24,859.71,113.7
2020-06-25,854.59,114.07
2020-06-26,851.98,113.45
2020-06-29,829.36,110.32
2020-06-30,825.11,109.76
2020-07-01,843.49,111.69
2020-07-02,842.38,111.61
2020-07-03,847.61,111.55
2020-07-06,861.16,113.07
2020-07-07,863.42,113.71
2020-07-08,864.5,114.37
2020-07-09,876.46,116.16
2020-07-10,871.21,115.66
2020-07-13,868.72,115.65
2020-07-14,868.11,116.14
2020-07-15,869.91,115.91
2020-07-16,876.83,115.59
2020-07-17,872.02,116.81
2020-07-20,861.4,115.72
2020-07-21,861.69,116.09
2020-07-22,855.08,115.32
2020-07-23,856.75,113.87
2020-07-24,829.16,109.33
2020-07-27,785.17,102.85
2020-07-28,813.36,107.976
2020-07-29,790.84,106.8547
2020-07-30,801.13,108.102
2020-07-31,798.39,107.5075
2020-08-03,814.65,110.4259
2020-08-04,827.57,112.5031
2020-08-05,837.8,114.021
2020-08-06,840.04,113.3487
2020-08-07,841.46,112.7755
2020-08-10,843.2,113.6429
2020-08-11,843.08,116.2973
2020-08-12,846.92,116.1047
2020-08-13,855.05,116.8695
2020-08-14,850.74,116.2344
2020-08-17,850.15,117.2123
2020-08-18,846.43,117.0198
2020-08-19,851.21,119.189
2020-08-20,848.21,121.1804
2020-08-21,854.78,122.6362
2020-08-24,868.68,123.1625
2020-08-25,874.12,123.3681
2020-08-26,873.47,123.8854
2020-08-27,874.71,124.9189
2020-08-28,878.98,125.8354
2020-08-31,881.65,124.8527
2020-09-01,891.73,125.4142
2020-09-03,903.97,126.055
2020-09-04,901.54,126.1475
2020-09-07,888.25,125.4287
2020-09-08,890.14,124.8009
2020-09-09,889.32,125.9268
2020-09-10,888.82,125.817
2020-09-11,888.97,126.2069
2020-09-14,894.57,127.4345
2020-09-15,896.26,127.9275
2020-09-16,897.47,127.8715
2020-09-17,894.04,128.4745
2020-09-18,900.95,129.2013
2020-09-21,907.94,130.5793
2020-09-22,906.19,132.1916
2020-09-23,912.5,132.6423
2020-09-24,908.58,131.71200000000002
2020-09-25,908.27,131.5221
2020-09-28,912.5,133.1222
2020-09-29,905.28,131.7375
2020-09-30,905.21,132.933
2020-10-01,914.09,133.4961
2020-10-02,909.91,134.9082
2020-10-05,914.68,137.1874
2020-10-06,915.67,137.773
2020-10-07,919.72,136.1313
2020-10-08,918.84,135.6147
2020-10-09,924.0,136.9106
2020-10-12,925.83,135.9023
2020-10-13,929.86,136.1522
2020-10-14,940.18,137.4876
2020-10-15,942.76,139.6575
2020-10-16,943.3,139.8241
2020-10-19,943.69,140.884
2020-10-20,944.42,140.327
2020-10-21,939.03,139.9825
2020-10-22,949.9,140.8594
2020-10-23,961.26,141.6996
2020-10-26,950.8,139.0313
2020-10-27,946.47,137.1299
2020-10-28,921.05,134.0399
2020-10-29,919.08,134.3698
2020-10-30,925.47,135.3442
2020-11-02,933.68,136.87
2020-11-03,935.41,138.58
2020-11-04,939.76,140.03
2020-11-05,937.75,138.3
2020-11-06,938.29,139.31
2020-11-09,951.99,141.61
2020-11-10,951.9,141.37
2020-11-11,952.22,141.82
2020-11-12,959.28,144.62
2020-11-13,966.29,144.74
2020-11-16,950.79,143.36
2020-11-17,968.9,146.58
2020-11-18,973.53,146.8
2020-11-19,983.26,146.85
2020-11-20,990.0,147.21
2020-11-23,994.19,148.18
2020-11-24,995.76,147.58
2020-11-25,999.94,148.09
2020-11-26,1005.97,148.4
2020-11-27,1010.22,148.17
2020-11-30,1003.08,147.7
2020-12-01,1008.87,148.93
2020-12-02,1014.32,150.8
2020-12-03,1019.8,151.99
2020-12-04,1021.49,152.48
2020-12-07,1029.98,154.2
2020-12-08,1029.26,156.61
2020-12-09,1039.13,158.74
2020-12-10,1030.91,159.3
2020-12-11,1045.96,162.32
2020-12-14,1064.09,165.74
2020-12-15,1055.27,167.87
2020-12-16,1066.99,171.62
2020-12-17,1051.77,172.0
2020-12-18,1067.46,177.02
2020-12-21,1081.08,182.11
2020-12-22,1083.45,187.85
2020-12-23,1078.9,190.25
2020-12-24,1067.52,187.63
2020-12-25,1084.42,192.46
2020-12-28,1091.33,196.57
2020-12-29,1099.49,197.1
2020-12-30,1097.54,196.94
2020-12-31,1103.87,203.12
